,ID,Issue ,Title,Authors ,Year:VolumeIssue,Exemplar,PrimaryTool  ,ToolNumber,PrimaryTask,PrimaryTaskNumber,Method_x,List?0=NO1=YES,newClusters,xs,ys,colorStyle
0,0,Summer 2012,A Big Deal for Conservation,Larry Linden; Steve McCormick; Ivan Barkhorn; Roger Ullman; Guillermo Castilleja; Dan Winterson; Lee Green;,"2012: 10, 3",EXEMPLAR,Design,3,Collect,31,Reporting,1,0,-0.2836481681372066,0.02873105106911693,clusterZero
19,2,Winter 2005,A Failure of Philanthropy,Robert Reich;,"2005: 3, 4",EXEMPLAR,Explore,1,Map,12,Logic,0,0,-0.06798228437723988,0.6767360103092239,clusterZero
31,97,Fall 2014,Global Problem Solving Without the Globaloney,Pankaj Ghemawat;,"2014: 12, 4",,Explore,1,Map,12,Interviews,1,0,-0.24762426367700893,-0.16112500789860545,clusterZero
63,36,Fall 2015,Can We Measure Media Impact? Reading Between the Lines,Chip Giller; Katharine Wroth;,"2015: 13, 4",,Deliver,5,Disrupt,52,Reporting,0,0,-0.4732609655184384,0.494405191953875,clusterZero
64,37,Fall 2015,Can We Measure Media Impact? Surveying the Field,Anya Schiffrin; Ethan Zuckerman;,"2015: 13, 4",EXEMPLAR,Advocacy,4,Frame,41,Reporting,0,0,0.6475301278750605,-0.23339766871549747,clusterZero
100,63,Spring 2006,Crisis Mentality,Keith Epstein;,"2006: 4, 1",,Finance,2,Prospect,22,Reporting,0,0,-0.17673861612916955,0.2745572541172929,clusterZero
110,164,Fall 2009,Public-Private Alliances Transform Aid,Andrew S Natsios;,"2009: 7, 4",,Finance,2,Prospect,22,Case Study,1,0,0.05962408884027359,-0.5524281084443035,clusterZero
113,206,Winter 2016,The Emergence of Subversive Charities in China,Christopher Marquis; Yanhua Zhou; Zoe Yang;,"2016: 14, 1",EXEMPLAR,Finance,2,Prospect,22,Interviews,0,0,0.45073374914014475,0.36931698126372786,clusterZero
120,231,Winter 2014,The Paradox of Fair Trade,Manel Modelo;,"2014: 12, 1",,Finance,2,Prospect,22,Logic,0,0,-0.2264111622203224,-0.7491670784013419,clusterZero
121,234,Winter 2013,The Permanent Disruption of Social Media,Julie Dixon; Denie Keyes;,"2013: 11, 1",EXEMPLAR,Finance,2,Prospect,22,Interviews,0,0,0.32816058639681234,0.42892848718086035,clusterZero
126,68,Summer 2003,Debunking Charitable Choice ,Mark Chaves;,"2003: 1, 2",,Advocacy,4,Ratify,42,Reporting,0,0,0.7529547669112158,-0.11183857891691244,clusterZero
127,28,Summer 2014,Big Data for Social Innovation,Kevin C Desouza; Kendra L Smith;,"2014: 12, 3",EXEMPLAR,Design,3,Collect,31,Logic,1,0,0.45974240636839836,0.5438976423524746,clusterZero
128,30,Summer 2013,Bottom-Up Solutions to Mitigating Climate Change,Jessica Seddon; Veerabhadran Ramanathan;,"2013: 11, 3",,Design,3,Collect,31,Case Study,0,0,-0.7206544169775814,-0.22041891812437164,clusterZero
129,31,Winter 2015,Bridge-Building for Social Transformation,L. David Brown;,"2015: 13, 1",,Explore,1,Map,12,Case study,1,0,0.25208368486679267,-0.6340205428962421,clusterZero
130,51,Spring 2015,Co-Creation in Government,Francis Gouillart; Tina Hallett;,"2015: 13, 2",EXEMPLAR,Design,3,Collect,31,Case Study,1,0,0.1652675923345114,-0.37260838776889027,clusterZero
139,211,Summer 2016,The Future of Prize Philanthropy,Reyna Reed Wasson;,"2016: 14, 3",EXEMPLAR,Design,3,Collect,31,Reporting,0,0,0.5853081933521663,-0.5756360892021917,clusterZero
141,46,Spring 2013,China's Quest to Adopt Electric Vehicles,Christopher Marquis; Hongyu Zhang; Lixuan Zhou;,"2013: 11, 2",,Design,3,Combine,32,Case Study,0,0,-0.5847055565745257,-0.38080431063336906,clusterZero
155,49,Fall 2012,Climate Science as Culture War,Andrew J Hoffman;,"2012: 10, 4",EXEMPLAR,Advocacy,4,Frame,41,Logic,1,0,-0.7657199293306822,-0.04121311065184754,clusterZero
157,67,Spring 2017,Data Disrupts Corruption,Carlos Santos; Ben Roseth;,"2017: 15, 2",EXEMPLAR,Advocacy,4,Frame,41,Logic,1,0,-0.15288305233849903,0.6221966500949418,clusterZero
160,133,Summer 2004,Making Change,Mayer N Zald;,"2004: 2, 1",,Advocacy,4,Frame,41,Case Study,0,0,-0.5897360925857906,-0.20353883098726108,clusterZero
161,151,Winter 2007,Networks for Good Works,Joel M Podolny;,"2007: 5, 1",EXEMPLAR,Advocacy,4,Frame,41,Case study,0,0,-0.33602648891819076,0.13357077697135036,clusterZero
166,200,Spring 2018,The Civic Science Imperative,Elizabeth Good Christopherson; Bietram A. Schuefele; Brooke Smith;,"2018: 16,2",,Advocacy,4,Frame,41,Logic,1,0,-0.6209710716614362,0.24643882383766663,clusterZero
171,6,Fall 2016,A New Model for Citizen Engagement,Myung Lee; Peter Levine;,"2016: 14, 4",EXEMPLAR,Advocacy,4,Ratify,42,Logic,1,0,-0.4563879203840585,-0.45226484590214416,clusterZero
174,20,Winter 2010,An Ounce of Advocacy,Alyssa Battistoni;,"2010: 8, 1",EXEMPLAR,Advocacy,4,Ratify,42,Case Study,0,0,-0.4300495203581875,0.06832963735358859,clusterZero
175,21,Winter 2004,Are You Giving Away the Store?,Margaret A Neale;,"2004: 2, 3",,Advocacy,4,Ratify,42,Logic,1,0,0.06521867251499952,-0.7074514043000033,clusterZero
176,54,Spring 2016,Community Engagement Matters,Melody Barnes; Paul Schmitz;,"2016: 14, 2",EXEMPLAR,Advocacy,4,Ratify,42,Case Study,1,0,0.5020633382943152,-0.34329606693033826,clusterZero
178,111,Fall 2005,Imagining a Democracy,Mark McNamara;,"2005: 3, 3",EXEMPLAR,Advocacy,4,Ratify,42,Reporting,0,0,-0.5468884234072691,0.1928236720959382,clusterZero
183,156,Summer 2014,Philanthropy in a Time of Polarization,Steven Teles; Heather Hurlburt; Mark Schmitt;,"2014: 12, 3",EXEMPLAR,Advocacy,4,Ratify,42,Reporting,1,0,-0.38985750399620916,0.17084381542877325,clusterZero
184,202,Winter 2017,The Curb-Cut Effect,Angla Glover Blackwell;,"2017: 15, 1",EXEMPLAR,Advocacy,4,Ratify,42,Reporting,0,0,-0.387295925166317,-0.029250218089224962,clusterZero
185,205,Summer 2011,The Elusive Craft of Evaluating Advocacy,Steven Teles; Mark Schmitt;,"2011: 9, 3",,Advocacy,4,Ratify,42,Reporting,0,0,-0.1263555592262857,0.4234035904255639,clusterZero
186,218,Spring 2010,The Ingredients of Growth,David H Brady; Michael Spence;,"2010: 8, 2",,Advocacy,4,Ratify,42,Case Study,0,0,-0.5156068931568568,-0.33961073612957093,clusterZero
188,265,Summer 2015,Time for the Plural Sector,Henry Mintzberg;,"2015: 13, 3",EXEMPLAR,Advocacy,4,Ratify,42,Logic,0,0,-0.5522652590333592,-0.15387849209044618,clusterZero
189,281,Fall 2010,What Civil Society Needs,Bruce Sievers;,"2010: 8, 4",EXEMPLAR,Advocacy,4,Ratify,42,Reporting,0,0,-0.6799478234414629,-0.08434554561891663,clusterZero
209,254,Fall 2013,The Secret of Scale,Peter Murray;,"2013: 11, 4",EXEMPLAR,Deliver,5,Scale,51,Case Study,1,0,-0.48379177322878714,0.02364218757019406,clusterZero
214,290,Summer 2010,Working Wikily,Diana Scearce; Gabriel Kasper; Heather McLeod Grant;,"2010: 8, 3",EXEMPLAR,Design,3,Collect,31,Logic,1,0,-0.07333871819335518,0.3073313596919141,clusterZero
217,82,Winter 2010,Endowment for a Rainy Day,Burton A Weisbrod; Evelyn D Asch;,"2010: 8, 1",EXEMPLAR,Deliver,5,Disrupt,52,Case Study,0,0,0.29432923141128975,0.7246295468598751,clusterZero
224,168,Fall 2009,Recreating Fine Arts Institutions,Diane E Ragsdale;,"2009: 7, 4",EXEMPLAR,Deliver,5,Disrupt,52,Case Study,1,0,-0.3282978829399527,-0.6726637074972457,clusterZero
17,274,Summer 2013,Unleashing Breakthrough Innovation in Government,Nikhil R Sahni; Maxwell Wessel; Clayton M Christensen;,"2013: 11, 3",,Explore,1,Call,11,Case study,1,1,0.19425346950877712,-0.4529208569016833,clusterOne
22,33,Fall 2012,Broader Evidence for Bigger Impact,Lisbeth B Schorr;,"2012: 10, 4",EXEMPLAR,Explore,1,Map,12,Logic,1,1,-0.1780654685314456,0.4985113357670665,clusterOne
25,41,Summer 2017,Caught in a Fake Debate,Annie Duflo; Heidi McAnnally-Linz,"2017: 15, 3",EXEMPLAR,Explore,1,Map,12,Reporting,1,1,0.6746950213405359,0.012725955904975063,clusterOne
132,115,Fall 2012,Innovation Is Not the Holy Grail,Christian Seelos; Johanna Mair;,"2012: 10, 4",EXEMPLAR,Explore,1,Call,11,Reporting,1,1,0.32275792412769977,-0.5028513128630727,clusterOne
135,160,Summer 2009,Platforms for Collaboration,Satish Nambisan;,"2009: 7, 3",EXEMPLAR,Design,3,Collect,31,Case Study,1,1,0.24045076999738424,-0.4367477350656004,clusterOne
136,169,Fall 2008,Rediscovering Social Innovation,James A Phills Jr; Kriss Deiglmeier; Dale T Miller;,"2008: 6, 4",EXEMPLAR,Explore,1,Call,11,Reporting,0,1,0.058030779502107964,-0.21957940642387938,clusterOne
137,186,Winter 2014,Social Innovation from the Inside Out,Warren Nilsson; Tana Paddock;,"2014: 12, 1",EXEMPLAR,Design,3,Collect,31,Logic,1,1,-0.18284286735766644,0.10269145677672849,clusterOne
142,58,Summer 2017,Creating Breakout Innovation,Joanna Levitt Cea; Jess Rimington,"2017: 15, 3",,Design,3,Combine,32,Logic,1,1,-0.05622850681711123,-0.04260570010018067,clusterOne
145,69,Winter 2018,Design Thinking for Higher Education,"Clark Gilbert, Michael Crow; Derrick Anderson;","2018: 16,1",,Design,3,Combine,32,Reporting,0,1,-0.31424993920901784,0.46505950267044316,clusterOne
146,70,Winter 2010,Design Thinking for Social Innovation,Tim Brown; Jocelyn Wyatt;,"2010: 8, 1",EXEMPLAR,Design,3,Combine,32,Logic,1,1,0.09834819717598305,-0.4762298083668893,clusterOne
149,225,Spring 2017,The New Science of Designing for Humans,Piyush Tantia,"2017: 15, 2",EXEMPLAR,Design,3,Combine,32,Logic,1,1,-0.5074351223710746,0.2740729649652195,clusterOne
151,244,Summer 2015,The Promise of Lean Experimentation,Peter Murray; Steve Ma;,"2015: 13, 3",EXEMPLAR,Design,3,Combine,32,Case Study,1,1,0.2954237724374124,-0.31971438599874247,clusterOne
152,284,Fall 2016,When Innovation Goes Wrong,Christian Seelos; Johanna Mair;,"2016: 14, 4",EXEMPLAR,Design,3,Combine,32,Logic,1,1,0.47288925179641833,-0.4208294486147777,clusterOne
194,74,Winter 2011,Disseminating Orphan Innovations,Susan H Evans; Peter Clarke;,"2011: 9, 1",EXEMPLAR,Deliver,5,Disrupt,52,Case Study,1,1,-0.4844279161188094,0.3686426420459039,clusterOne
200,106,Winter 2018,How Field Catalysts Galvanize Social Change,Taz Hussein; Matt Plummer; Bill Breen;,"2018: 16,1",,Deliver,5,Scale,51,Case Study,0,1,-0.10328999475565798,0.2023783786723958,clusterOne
204,177,Fall 2017,Scaling Science,John Gargaini; Robert McClean;,"2017: 15, 4",,Deliver,5,Scale,51,Logic,0,1,0.5658416664980577,-0.3778891412615103,clusterOne
208,247,Spring 2014,The Re-Emerging Art of Funding Innovation,Gabriel Kasper; Justin Marcoux;,"2014: 12, 2",EXEMPLAR,Deliver,5,Scale,51,Case Study,1,1,0.15463928239273467,0.5528636890964167,clusterOne
1,52,Winter 2011,Collective Impact,John Kania; Mark Kramer;,"2011: 9, 1",EXEMPLAR,Design,3,Combine,32,Case Study,1,2,0.039699436631703056,0.11292752412839091,clusterTwo
10,220,Summer 2006,The Leadership Deficit,Thomas J Tierney;,"2006: 4, 2",EXEMPLAR,Explore,1,Map,12,Logic,1,2,0.46169443120357284,0.12537468421189882,clusterTwo
12,245,Fall 2017,The Promise of Skills-Based Volunteering,Christine Letts; Danielle Holly,"2017: 15, 4",EXEMPLAR,Explore,1,Call,11,Case Study,0,2,0.3629045267245161,-0.11132625431292793,clusterTwo
14,260,Summer 2015,The Wall Street Takeover of Nonprofit Boards,Garry W Jenkins;,"2015: 13, 3",EXEMPLAR,Explore,1,Map,12,Case Study,0,2,0.6612689236194184,0.1324117647748702,clusterTwo
18,283,Fall 2013,When Good is Not Good Enough,Bill Shore; Darell Hammond; Amy Celep;,"2013: 11, 4",EXEMPLAR,Explore,1,Call,11,Case Study,1,2,0.5620747543081864,-0.12480692572078271,clusterTwo
29,85,Spring 2005,Failing to Govern,Michael Klausner; Jonathan Small;,"2005: 3, 1",,Explore,1,Map,12,Logic,0,2,0.7134577937009726,0.1200889608188504,clusterTwo
34,138,Summer 2010,Measuring Social Value,Geoff Mulgan;,"2010: 8, 3",EXEMPLAR,Explore,1,Map,12,Logic,1,2,-0.1807228062367714,0.2184464260806554,clusterTwo
37,145,Summer 2009,Mission-Driven Governance,Raymond Fisman; Rakesh Khurana; Edward Martenson;,"2009: 7, 3",,Explore,1,Map,12,Case Study,1,2,-0.0762323795330559,0.5276772543071574,clusterTwo
43,197,Summer 2011,The Challenge of Organizational Learning,Katie Smith Milway; Amy Saxton;,"2011: 9, 3",,Explore,1,Map,12,Interviews,1,2,-0.17010485454574792,0.389325861255893,clusterTwo
55,276,Summer 2016,Using Data for Action and for Impact,Jim Fruchterman;,"2016: 14, 3",EXEMPLAR,Explore,1,Map,12,Reporting,0,2,0.4925591122468214,0.43402254281481023,clusterTwo
56,287,Summer 2004,Why Measure?,Katie Cunningham; Marc Ricks;,"2004: 2, 1",,Explore,1,Map,12,Interviews,0,2,0.33364883366770104,0.385809302664023,clusterTwo
58,280,Summer 2006,What Business Execs Dont Know but should About Nonprofits,Les Silverman; Lynn Taliento;,"2006: 4, 2",,Explore,1,Map,12,Interviews,1,2,0.38678095568131066,0.15789300950032006,clusterTwo
67,73,Spring 2015,Disruption for Good,Laura Arrillaga-Andreessen;,"2015: 13, 2",,Advocacy,4,Frame,41,Logic,0,2,0.15247691185902407,0.169265422153877,clusterTwo
72,117,Spring 2004,Investing in Society,William F Meehan; Derek Kilmer; Maisie O'Flanagan;,"2004: 1, 4",,Finance,2,Invest,21,Case Study,1,2,0.24556202363215043,0.1261341934209806,clusterTwo
82,191,Summer 2003,Strategic Alliances,James Austin;,"2003: 1, 2",EXEMPLAR,Finance,2,Invest,21,Reporting,0,2,0.45763569110242636,-0.22105478000339043,clusterTwo
84,208,Summer 2008,The Equity Capital Gap,Clara Miller;,"2008: 6, 3",,Finance,2,Invest,21,Logic,0,2,0.5382695360533614,0.011469709751559101,clusterTwo
87,246,Summer 2005,The Ratings Game,Stephanie Lowell; Brian Trelstad; Bill Meehan;,"2005: 3, 2",EXEMPLAR,Finance,2,Invest,21,Case Study,0,2,0.2646018416034358,0.29440995401378767,clusterTwo
96,8,Spring 2011,A New Type of Hybrid,Allen R Bromberger;,"2011: 9, 2",EXEMPLAR,Finance,2,Prospect,22,Logic,0,2,0.512604070601651,-0.11183771924349152,clusterTwo
103,87,Fall 2011,Finding Your Funding Model,Peter Kim; Gail Perreault; William Foster;,"2011: 9, 4",,Finance,2,Prospect,22,Case Study,1,2,0.537398069316461,0.2332218831887102,clusterTwo
112,195,Spring 2009,Ten Nonprofit Funding Models,William Landes Foster; Peter Kim; Barbara Christiansen;,"2009: 7, 2",,Finance,2,Prospect,22,Comparative case study,0,2,0.18300889110743732,0.2658796511478231,clusterTwo
122,235,Winter 2004,The Pitfalls of Profits,Burton A Weisbrod;,"2004: 2, 3",,Finance,2,Prospect,22,Case Study,0,2,0.5058335612463782,0.041059108746001445,clusterTwo
131,79,Fall 2006,Drowning in Data,Alana Conner Snibbe;,"2006: 4, 3",EXEMPLAR,Explore,1,Map,12,Reporting,1,2,0.32470358710647096,0.5014638210959539,clusterTwo
134,126,Spring 2013,Listening to Those Who Matter Most the Beneficiaries,Fay Twersky; Phil Buchanan; Valerie Threlfall;,"2013: 11, 2",EXEMPLAR,Design,3,Collect,31,Case Study,0,2,0.7011941896817556,0.2316251464686104,clusterTwo
163,179,Winter 2017,Selling Social Change,Taz Hussein; Matt Plummer;,"2017: 15, 1",,Advocacy,4,Frame,41,Theory,1,2,0.267141507532478,-0.1076651478872423,clusterTwo
168,236,Winter 2007,The Power of Brands,Adrian Sargeant; John B Ford;,"2007: 5, 1",,Advocacy,4,Frame,41,Reporting,1,2,0.07877250996601724,0.6924668792626409,clusterTwo
169,238,Summer 2003,The Power of Persuasion,Robert B Cialdini;,"2003: 1, 2",EXEMPLAR,Advocacy,4,Frame,41,Interviews,1,2,-0.03865918105237587,0.16815180418611797,clusterTwo
179,121,Spring 2007,Learn to Love Lobbying,Fraser Nelson; David W Brady; Alana Conner Snibbe;,"2007: 5, 2",EXEMPLAR,Advocacy,4,Ratify,42,Interviews,1,2,0.6094917514504036,0.3518339702897329,clusterTwo
190,13,Summer 2008,Achieving Breakthrough Performance,Mark Gottfredson; Steve Schaubert; Elisabeth Babcock;,"2008: 6, 3",EXEMPLAR,Deliver,5,Scale,51,Case Study,1,2,0.1370491014332954,-0.010551753476430595,clusterTwo
192,59,Fall 2007,Creating High-Impact Nonprofits,Heather McLeod Grant; Leslie R Crutchfield;,"2007: 5, 4",EXEMPLAR,Deliver,5,Disrupt,52,Logic,1,2,0.205654744310944,0.042614315059477804,clusterTwo
198,98,Summer 2007,Go Ahead--Pop the Question,Kevin T Kirkpatrick;,"2007: 5, 3",EXEMPLAR,Deliver,5,Scale,51,Reporting,0,2,0.36684190109045917,0.2632394090444657,clusterTwo
201,108,Spring 2007,How Nonprofits Get Really Big,William Foster; Gail Fine;,"2007: 5, 2",EXEMPLAR,Deliver,5,Scale,51,Case Study,1,2,0.5723773967667174,0.06942848041455676,clusterTwo
203,140,Spring 2010,Merging Wisely,David La Piana;,"2010: 8, 2",EXEMPLAR,Deliver,5,Scale,51,Logic,0,2,0.34144185111799896,0.17912041736174736,clusterTwo
207,223,Spring 2008,The Networked Nonprofit,Jane Wei-Skillern; Sonia Marciano;,"2008: 6, 2",EXEMPLAR,Deliver,5,Scale,51,Logic,0,2,0.28161625759834696,0.018752542858743455,clusterTwo
210,273,Summer 2007,Uniting for Survival,Don Haider;,"2007: 5, 3",,Deliver,5,Scale,51,Case Study,0,2,0.6459741668567711,-0.03870600461427831,clusterTwo
211,282,Winter 2015,What's Your Endgame?,Alice Gugelev; Andrew Stern;,"2015: 13, 1",,Deliver,5,Scale,51,Reporting,1,2,0.5559463093754896,0.09520095152589428,clusterTwo
212,288,Spring 2014,Why Nonprofit Mergers Continue to Lag,Katie Smith Milway; Maria Orozco; Cristina Botero;,"2014: 12, 2",,Deliver,5,Scale,51,Logic,1,2,0.3462960243081587,0.12576209025564886,clusterTwo
213,289,Summer 2013,Why Nonprofits Should Operate Commuter Trains,Rohit T Aggarwala;,"2013: 11, 3",,Deliver,5,Scale,51,Case Study,0,2,0.6154714206470144,0.1957800484375416,clusterTwo
215,23,Summer 2007,Before You Say I Do,Denise L Gammal;,"2007: 5, 3",,Deliver,5,Scale,51,Interviews,0,2,0.42123514174902493,0.23337717054556426,clusterTwo
219,88,Winter 2012,Five Ways to Navigate the Fiscal Crisis,Daniel Stid; Willa Seldon;,"2012: 10, 1",,Deliver,5,Disrupt,52,Interviews,1,2,0.36571500380041433,0.062100513887390865,clusterTwo
220,129,Summer 2012,Local Forces for Good,Leslie R Crutchfield; Heather McLeod-Grant;,"2012: 10, 3",EXEMPLAR,Deliver,5,Disrupt,52,Case study,1,2,0.32386642828588263,-0.006701812133041454,clusterTwo
222,148,Spring 2008,More Bang for the Buck,Alex Neuhoff; Robert Searle;,"2008: 6, 2",,Deliver,5,Disrupt,52,Case study,1,2,0.3293051449715125,0.2914814602109165,clusterTwo
223,163,Spring 2014,Programs Aren't Everything,Lehn M Benjamin; David C Campbell;,"2014: 12, 2",,Deliver,5,Disrupt,52,Case Study,1,2,0.5841080080121409,0.334112183407242,clusterTwo
225,174,Winter 2005,Reversing Burnout,Christina Maslach; Michael P Leiter;,"2005: 3, 4",EXEMPLAR,Deliver,5,Disrupt,52,Interviews,0,2,-0.47003938653045474,0.43847083598067566,clusterTwo
229,253,Spring 2012,The Role of Brand in the Nonprofit Sector,Nathalie Kylander; Christopher Stone;,"2012: 10, 2",EXEMPLAR,Deliver,5,Disrupt,52,Interviews,1,2,0.736345966860109,-0.1809091947036809,clusterTwo
230,256,Fall 2004,The Sound of No Music,James A Phills Jr;,"2004: 2, 2",,Explore,1,Call,11,Case Study,1,2,0.39410977837549327,-0.039703533224189305,clusterTwo
232,291,Fall 2004,Zeroing in on Impact,Susan Colby; Nan Stone; Paul Carttar;,"2004: 2, 2",,Deliver,5,Disrupt,52,Case Study,0,2,0.5190798321175814,0.18827326569900443,clusterTwo
2,61,Spring 2009,Creating Social Value,Philip Auerswald;,"2009: 7, 2",EXEMPLAR,Explore,1,Call,11,Logic,0,3,-0.35824232626258373,-0.22775373122618373,clusterThree
5,171,Fall 2006,Reshaping Social Entrepeneurship,Paul C Light;,"2006: 4, 3",EXEMPLAR,Explore,1,Call,11,Reporting,0,3,-0.5906954206502455,0.38569200728402886,clusterThree
6,184,Spring 2007,Social Entrepeneurship: The Case for Definition,Roger L Martin; Sally Osberg;,"2007: 5, 2",EXEMPLAR,Explore,1,Call,11,Case Study,1,3,-0.5485743473414588,0.1256997276451558,clusterThree
8,203,Winter 2015,The Dawn of System Leadership,Peter Senge; Hal Hamilton; John Kania;,"2015: 13, 1",EXEMPLAR,Explore,1,Map,12,Logic,1,3,-0.17709676086507167,0.04726362052355949,clusterThree
16,270,Fall 2010,Turning Values into Action,Mary C Gentile;,"2010: 8, 4",EXEMPLAR,Explore,1,Call,11,Logic,1,3,-0.4545521224848761,0.22623779736013053,clusterThree
20,11,Winter 2013,A Revolution Begins in Teacher Prep,Jonathan Schorr;,"2013: 11, 1",,Explore,1,Map,12,Reporting,0,3,-0.37243080137439355,0.672541584012306,clusterThree
45,221,Fall 2011,The Missing Link in School Reform,Carrie R Leana;,"2011: 9, 4",,Explore,1,Map,12,Interviews,0,3,-0.38102107890336023,0.664045864387594,clusterThree
53,262,Fall 2005,The Workings of Class,Adrie Kusserow;,"2005: 3, 3",,Explore,1,Map,12,Case Study,0,3,-0.4749524025499721,0.5162100371141949,clusterThree
83,199,Summer 2017,The Chinese Collectivist Model of Charity,Christopher Marquis; Qi Li; Kunyuan Qiao;,"2017: 15, 3",EXEMPLAR,Finance,2,Invest,21,Interviews,0,3,0.3557376899250168,-0.4781109446162783,clusterThree
144,64,Winter 2008,Cultivate Your Ecosystem,Paul N Bloom; J Gregory Dees;,"2008: 6, 1",EXEMPLAR,Advocacy,4,Frame,41,Case Study,0,3,-0.4060929057870766,-0.18318522434121984,clusterThree
147,120,Winter 2016,Leading Change Through Adaptive Design,Maya Bernstein; Marty Linsky;,"2016: 14, 1",EXEMPLAR,Design,3,Combine,32,Case Study,0,3,-0.3554106333551523,0.557727236504654,clusterThree
167,204,Winter 2011,The Dragonfly Effect,Jennifer Aaker; Andy Smith;,"2011: 9, 1",EXEMPLAR,Advocacy,4,Frame,41,Logic,1,3,0.09144322769984901,-0.22701705763512636,clusterThree
196,90,Spring 2018,Four Strategies for Large Systems Change,Steve Waddell;,"2018: 16,2",EXEMPLAR,Deliver,5,Scale,51,Logic,1,3,-0.19939902753616187,-0.49279436935625226,clusterThree
197,92,Fall 2010,Freeing the Social Entrepreneur,Chantal Laurie Below; Kimberly Dasher Tripp;,"2010: 8, 4",EXEMPLAR,Deliver,5,Scale,51,Interviews,1,3,0.38153287825641385,-0.2021244427821397,clusterThree
202,128,Summer 2011,Local Empowerment Through Rapid Results,Nadim Matta; Peter Morgan;,"2011: 9, 3",,Deliver,5,Scale,51,Case study,0,3,0.2187772764839359,-0.5507737388188559,clusterThree
205,178,Spring 2004,Scaling Social Impact,Gregory Dees; Beth Battle Anderson;,"2004: 1, 4",EXEMPLAR,Deliver,5,Scale,51,Case Study,1,3,0.1756225889500433,-0.2176574846082993,clusterThree
216,10,Summer 2017,A Revamped ACLU Takes on Today's Fights,Anthony Romero; Geri Rozanski;,"2017: 15, 3",EXEMPLAR,Deliver,5,Disrupt,52,Case Study,1,3,0.6864752000197222,0.31214385742078693,clusterThree
221,134,Spring 2018,Making Founder Successions Work,Jari Tuomala; Donald Yeh; Katie Smith Milway;,"2018: 16,2",EXEMPLAR,Deliver,5,Disrupt,52,Interviews,1,3,-0.029966428799426428,0.7456631761138244,clusterThree
24,38,Winter 2007,Capitalizing on Convergence,James E Austin; Roberto Gutiérrez; Enrique Ogliastri; Ezequiel Reficco;,"2007: 5, 1",,Finance,2,Prospect,22,Survey,0,4,0.1711151862031863,-0.062764152397237,clusterFour
30,89,Spring 2011,For Love or Lucre,Jim Fruchterman;,"2011: 9, 2",EXEMPLAR,Explore,1,Map,12,Logic,0,4,0.462641533017526,-0.09868522415123598,clusterFour
47,237,Winter 2016,The Power of Lean Data,Sasha Dichter; Tom Adams; Alnoor Ebrahim;,"2016: 14, 1",EXEMPLAR,Explore,1,Map,12,Case Study,1,4,0.36509592332060675,-0.3483027031205713,clusterFour
60,9,Fall 2014,A New Vision for Funding Science,Sarah Kearney; Fiona Murray; Matthew Nordan;,"2014: 12, 4",EXEMPLAR,Finance,2,Invest,21,Case Study,1,4,0.1416005906025922,0.09653249303314898,clusterFour
61,16,Winter 2017,Across the Returns Continuum,Matt Bannick; Paula Goldman; Michael Kubzansky; Yasemin Saltuk,"2017: 15, 1",EXEMPLAR,Finance,2,Invest,21,Reporting,0,4,0.34424467836311634,-0.30144631740403854,clusterFour
62,34,Winter 2009,Calculated Impact,Paul Brest; Hal Harvey; Kelvin Low;,"2009: 7, 1",,Finance,2,Invest,21,Case Study,0,4,0.24528053873564515,0.4576415322256894,clusterFour
66,62,Summer 2014,Creative Financing for Social Enterprise,Dana Brakman Reiser; Steven A Dean;,"2014: 12, 3",,Finance,2,Invest,21,Logic,0,4,0.5363046751143135,-0.4227963306439265,clusterFour
77,147,Fall 2008,Money to Grow On,William Foster;,"2008: 6, 4",,Finance,2,Invest,21,Case Study,1,4,0.4230762691850289,0.13201475150497538,clusterFour
79,161,Fall 2007,Private Equity Public Good,Beth Sirull;,"2007: 5, 4",,Finance,2,Prospect,22,Reporting,0,4,0.5522612497643087,-0.26936789679286727,clusterFour
85,219,Winter 2018,The Investment Gap That Threatens the Planet,Scott P. Burger; Fiona Murray; Sarah Kearney; and Liquian Ma;,"2018: 16,1",,Finance,2,Invest,21,Reporting,0,4,-0.5014391244438409,-0.23751911378023327,clusterFour
86,239,Fall 2007,The Power of Strategic Mission Investing,Mark R Kramer; Sarah E Cooch;,"2007: 5, 4",EXEMPLAR,Finance,2,Invest,21,Case Study,0,4,0.5101599609567978,0.3585183609509175,clusterFour
88,250,Fall 2014,The Rise of Gender Capitalism,Sarah Kaplan; Jackie VanderBrug;,"2014: 12, 4",,Finance,2,Invest,21,Logic,1,4,0.38830619739362493,-0.4485732635694934,clusterFour
89,251,Winter 2012,The Rise of Social Capital Market Intermediaries,Bill Meehan; Kim Jonker;,"2012: 10, 1",EXEMPLAR,Finance,2,Invest,21,Reporting,0,4,0.21117610391894887,0.1610760746329762,clusterFour
90,268,Winter 2017,Toward the Efficient Impact Frontier,Michael McCreless;,"2017: 15, 1",EXEMPLAR,Finance,2,Invest,21,Case Study,0,4,0.6468382750698167,-0.3060518938866116,clusterFour
91,285,Spring 2003,When Time Isn't Money,Michael Klausner; Jonathan Small;,"2003: 1, 1",,Finance,2,Invest,21,Logic,0,4,-0.008112529988072634,0.5746394620359788,clusterFour
92,286,Summer 2003,Where Money Meets Mission,Jed Emerson;,"2003: 1, 2",EXEMPLAR,Finance,2,Invest,21,Reporting,1,4,0.11324590591596288,0.348013331872371,clusterFour
106,113,Summer 2012,In Search of the Hybrid Ideal,Julie Battilana; Matthew Lee; John Walker; Cheryl Dorsey;,"2012: 10, 3",EXEMPLAR,Finance,2,Prospect,22,Logic,1,4,0.22618924719940878,-0.15863261460055877,clusterFour
108,152,Spring 2016,New Approaches to Ed-Tech Funding,Julie Petersen; Shauntel Poulson;,"2016: 14, 2",,Finance,2,Prospect,22,Case Study,0,4,0.6022900438545543,-0.0872906350753887,clusterFour
114,209,Spring 2008,The Funding Gap,Michael Chertok; Jeff Hamaoui: Eliot Jamison;,"2008: 6, 2",EXEMPLAR ,Finance,2,Prospect,22,Reporting,0,4,0.5539849929503405,-0.18384986785446233,clusterFour
115,214,Summer 2013,The Growth of European Venture Philanthropy,Lenora Buckland; Lisa Hehenberger; Michael Hay;,"2013: 11, 3",,Finance,2,Prospect,22,Reporting,0,4,-0.2866163264658608,0.5740591673762564,clusterFour
123,255,Spring 2012,The Social Enterprise Emerges in China,Meng Zhao;,"2012: 10, 2",,Finance,2,Prospect,22,Interviews,0,4,-0.1225880468484195,0.6713698847623473,clusterFour
191,50,Winter 2013,Closing the Pioneer Gap,Sasha Dichter; Robert Katz; Harvey Koh; Ashish Karamchandani;,"2013: 11, 1",EXEMPLAR,Deliver,5,Scale,51,Interviews,1,4,0.28489850656338106,-0.23660769508728655,clusterFour
13,258,Summer 2015,The Time Bank Solution,Edgar S Cahn; Christine Gray;,"2015: 13, 3",,Design,3,Collect,31,Logic,0,5,-0.5632090951595007,-0.01354746772214264,clusterFive
21,26,Fall 2010,Beyond the Poverty Line,Rourke L O'Brien; David S Pedulla;,"2010: 8, 4",,Explore,1,Map,12,Logic,0,5,-0.7057555076104944,0.1336142888528133,clusterFive
26,47,Fall 2011,Circles of Change,Tracy A Thompson;,"2011: 9, 4",,Explore,1,Map,12,Logic,1,5,-0.6616081466213596,0.4050861781722828,clusterFive
32,104,Winter 2010,Helping the Poor Save More,Dean Karlan;,"2010: 8, 1",EXEMPLAR,Design,3,Combine,32,Logic,0,5,-0.6585026388617934,0.15421474610764235,clusterFive
33,112,Winter 2008,In Microfinance Clients Must Come First,Srikant M Datar; Marc J Epstein; Kristi Yuthas;,"2008: 6, 1",,Finance,2,Invest,21,Case Study,0,5,-0.668545755308485,0.06869199424430168,clusterFive
36,142,Summer 2007,Microfinance Misses Its Mark,Aneel Karnani;,"2007: 5, 3",,Finance,2,Prospect,22,Reporting,0,5,-0.4749347935107776,-0.10965499277761709,clusterFive
42,176,Winter 2009,Romanticizing the Poor,Aneel Karnani;,"2009: 7, 1",EXEMPLAR,Explore,1,Map,12,Reporting,0,5,-0.4489037443446383,-0.2676282576360116,clusterFive
50,252,Spring 2016,The Risky Rhetoric of Female Risk Aversion,Sarah Kaplan; Natssia Walley;,"2016: 14, 2",,Explore,1,Call,11,Case Study,1,5,-0.5204847684902842,-0.5489153412525347,clusterFive
52,261,Summer 2004,The Working Poor,David K Shipler;,"2004: 2, 1",,Explore,1,Map,12,Interviews,0,5,-0.4648582506087421,-0.04054132696787023,clusterFive
80,170,Summer 2008,Reimagining Microfinance,Alex Counts;,"2008: 6, 3",EXEMPLAR,Finance,2,Invest,21,Logic,0,5,-0.5839698377973791,0.04207032870146498,clusterFive
93,4,Summer 2010,A Good Business for Poor People,Lisa Jones Christensen; David Lehr; Jason Fairbourne;,"2010: 8, 3",,Finance,2,Prospect,22,Case Study,0,5,-0.057767906917494845,-0.25608646349547187,clusterFive
95,7,Fall 2006,A New Take on Tithing,Claude Rosenberg; Tim Stone;,"2006: 4, 3",EXEMPLAR,Finance,2,Prospect,22,Logic,0,5,0.5047071585063942,0.5126271961084199,clusterFive
101,71,Summer 2005,Developing Native Capability,Stuart L Hart; Ted London;,"2005: 3, 2",,Finance,2,Prospect,22,Reporting,0,5,-0.13663544303617867,-0.29537332441379116,clusterFive
109,162,Spring 2012,Private Schools for the Poor,Josh Kwan;,"2012: 10, 2",,Finance,2,Prospect,22,Reporting,0,5,-0.3775428219175015,0.4844362233377322,clusterFive
143,60,Summer 2006,Creating Social Change: 10 Innovative Technologies,John Voelcker;,"2006: 4, 2",EXEMPLAR,Design,3,Combine,32,Reporting,0,5,-0.10925020304603839,-0.32867634349088864,clusterFive
181,143,Winter 2011,Microfinance Needs Regulation,Aneel Karnani;,"2011: 9, 1",EXEMPLAR,Advocacy,4,Ratify,42,Logic,0,5,-0.6434494762956298,-0.005889331480100265,clusterFive
182,144,Summer 2008,Microloan Sharks,Jonathan C Lewis;,"2008: 6, 3",EXEMPLAR,Advocacy,4,Ratify,42,Reporting,0,5,-0.63446315363591,0.04084620046649293,clusterFive
193,72,Fall 2008,Dialing for Development,David Lehr;,"2008: 6, 4",,Deliver,5,Scale,51,Reporting,0,5,0.38628853259939705,-0.5623508238312651,clusterFive
195,80,Spring 2017,Embedding Education in Everyday Life,Guy Stuart; Jorrit de Jong; Linda Kaboolian,"2017: 15, 2",,Deliver,5,Scale,51,Reporting,1,5,0.3539000624897274,-0.6154746566355775,clusterFive
227,228,Fall 2014,The Next Stage of Financial Inclusion,Dean Karlan;,"2014: 12, 4",EXEMPLAR,Deliver,5,Disrupt,52,Case Study,0,5,-0.04612313608182459,-0.14717051313834187,clusterFive
23,35,Winter 2018,Can Measures Change the World?,Christopher Nelson; Anita Chandra; Carolyn Miller;,"2018: 16,1",EXEMPLAR,Explore,1,Map,12,Reporting,0,6,-0.4157101900607171,0.294319718149576,clusterSix
35,139,Spring 2014,Meeting the Challenges of Global Health,Lyn Denend; Amy Lockwood; Michele Barry; Stefanos Zenios;,"2014: 12, 2",,Explore,1,Map,12,Case study,1,6,0.07724688604967754,-0.3584557281111139,clusterSix
44,212,Summer 2017,The Generalizability Puzzle,Mary Ann Bates; Rachel Glennerster,"2017: 15, 3",EXEMPLAR,Explore,1,Map,12,Reporting,1,6,-0.27122246646364606,0.5594649269736794,clusterSix
133,122,Winter 2013,Learning from Coca-Cola,Prashant Yadav; Orla Stapleton; Luk Van Wassenhove;,"2013: 11, 1",EXEMPLAR,Design,3,Combine,32,Case study,0,6,0.3994550956590273,0.5997464785807103,clusterSix
148,167,Summer 2012,Realigning Health with Care,Rebecca Onie; Paul Farmer; Heidi Behforouz;,"2012: 10, 3",EXEMPLAR,Design,3,Combine,32,Logic,0,6,-0.645269500076706,0.2935275710302578,clusterSix
158,124,Winter 2014,Lessons in Forging Global Change,Karliner; Cohen; Orris;,"2014: 12, 1",,Advocacy,4,Frame,41,Reporting,1,6,-0.007425953247394162,-0.6557538416097969,clusterSix
226,210,Fall 2013,The Future of Health Care Access,John A MacDonald; Anita M McGahan; Will Mitchell;,"2013: 11, 4",EXEMPLAR,Design,3,Collect,31,Case Study,0,6,0.20499538162457312,-0.6624810315906414,clusterSix
231,278,Winter 2013,Using National Networks to Tackle Chronic Disease,Taz Hussein; Michaela Kerrissey;,"2013: 11, 1",,Deliver,5,Disrupt,52,Interviews,1,6,-0.22044874291320962,0.5537330729544366,clusterSix
3,131,Spring 2007,Luck of the Draw,Kevin Bolduc; Phil Buchanan; Ellie Buteau;,"2007: 5, 2",,Explore,1,Call,11,Interviews,1,7,0.1615847599787788,0.7171319578584072,clusterSeven
48,240,Spring 2010,The Power of Theories of Change,Paul Brest;,"2010: 8, 2",EXEMPLAR,Finance,2,Invest,21,Case Study,0,7,0.2058034021059251,0.5531854987256409,clusterSeven
49,248,Spring 2005,The Reality Underneath the Buzz of Partnerships,Francie Ostrower;,"2005: 3, 1",EXEMPLAR,Explore,1,Map,12,Logic,1,7,0.21015722114126123,0.6190636733912319,clusterSeven
59,1,Spring 2012,A Decade of Outcome-Oriented Philanthropy,Paul Brest;,"2012: 10, 2",EXEMPLAR,Finance,2,Invest,21,Case Study,0,7,0.08492085748498218,0.27429091247448795,clusterSeven
65,40,Fall 2009,Catalytic Philanthropy,Mark R Kramer;,"2009: 7, 4",EXEMPLAR,Finance,2,Invest,21,Case Study,1,7,0.002114606657169236,0.22236076266940075,clusterSeven
68,86,Spring 2003,Filling the Performance Gap,Christine W Letts; William P Ryan;,"2003: 1, 1",,Finance,2,Invest,21,Interviews,1,7,0.26778480021676077,0.6343316333114891,clusterSeven
70,105,Spring 2013,High Stakes Donor Collaborations,Willa Seldon; Thomas J Tierney; Gihani Fernando;,"2013: 11, 2",EXEMPLAR,Finance,2,Invest,21,Case Study,1,7,0.10882644680403693,0.40728606526069094,clusterSeven
71,107,Fall 2016,How Grantmaking Can Create Adaptive Organizations,Douglas Easterling;,"2016: 14, 4",,Finance,2,Invest,21,Logic,1,7,0.13638026613130488,0.6629991905374436,clusterSeven
73,119,Winter 2004,Leading Boldly,Ronald A Heifetz; John V Kania; Mark R Kramer;,"2004: 2, 3",EXEMPLAR,Finance,2,Invest,21,Case Study,1,7,0.00637725046144977,0.5083830921360977,clusterSeven
74,125,Spring 2011,Letting Go,Kristi Kimball; Malka Kopell;,"2011: 9, 2",EXEMPLAR,Finance,2,Invest,21,Reporting,0,7,0.04182383625561006,0.3288514869543684,clusterSeven
75,132,Winter 2016,Making Big Bets for Social Change,William Foster; Gail Perreault; Alison Powell; Chris Addy;,"2016: 14, 1",EXEMPLAR,Finance,2,Invest,21,Case Study,1,7,0.03784205658232852,0.44148216701563714,clusterSeven
76,146,Summer 2004,Money Talk,John Healy; Paul Brest; Robert Joss; Michael Klausner;,"2004: 2, 1",,Explore,1,Call,11,Interviews,0,7,0.09506898895454358,0.5088977211525129,clusterSeven
81,183,Winter 2003,Smart Money,Paul Brest;,"2003: 1, 3",EXEMPLAR,Finance,2,Invest,21,Logic,1,7,0.1991134307879075,0.4822878406471823,clusterSeven
105,96,Winter 2012,Giving 2.0: Getting Together to Give,Laura Arrillaga-Andreessen;,"2012: 10, 1",EXEMPLAR,Finance,2,Prospect,22,Reporting,0,7,0.03743557786820077,0.5874204150839103,clusterSeven
138,196,Spring 2010,The Case for Stakeholder Engagement,Kathleen P Enright; Courtney Bourns;,"2010: 8, 2",,Design,3,Collect,31,Case Study,1,7,0.10992989492215202,0.5939279544008783,clusterSeven
153,22,Spring 2013,Assessing Advocacy,Ivan Barkhorn; Nathan Huttner; Jason Blau;,"2013: 11, 2",,Advocacy,4,Frame,41,Case Study,1,7,0.3457520562359811,-0.5721632835725654,clusterSeven
170,279,Spring 2005,War of Ideas,Andrew Rich;,"2005: 3, 1",,Advocacy,4,Ratify,42,Interviews,0,7,-0.19020297071180178,0.6423848565601139,clusterSeven
228,229,Fall 2009,The Nonprofit Starvation Cycle,Ann Goggins Gregory; Don Howard;,"2009: 7, 4",EXEMPLAR,Deliver,5,Disrupt,52,Logic,0,7,0.2812445489064346,0.5297558296864211,clusterSeven
4,155,Winter 2003,Partnerships for Learning,Ted London; Dennis Rondinelli;,"2003: 1, 3",,Finance,2,Prospect,22,Interviews,0,8,-0.13730071376989686,-0.21066830069488504,clusterEight
7,188,Spring 2003,Sparking Nonprofit Innovation,Robert I Sutton;,"2003: 1, 1",EXEMPLAR,Explore,1,Call,11,Reporting,1,8,-0.2936917693834204,0.16286480544000015,clusterEight
9,215,Spring 2006,The Hidden Cost of Paradise,Mark Dowie;,"2006: 4, 1",,Advocacy,4,Frame,41,Reporting,0,8,-0.6223458379488644,-0.13434428002464954,clusterEight
11,226,Winter 2009,The New Volunteer Workforce,David Eisner; Robert T. Grimm Jr; Shannon Maynard; Susannah Washburn;,"2009: 7, 1",EXEMPLAR,Explore,1,Call,11,Logic,1,8,-0.4473111385265726,-0.6416673130271693,clusterEight
15,266,Winter 2003,To the Rescue,Roger Martin;,"2003: 1, 3",EXEMPLAR,Explore,1,Map,12,Case study,1,8,-0.31293250795902744,0.24309805863339895,clusterEight
38,153,Spring 2009,Offsetting Green Guilt,Matthew J Kotchen;,"2009: 7, 2",,Finance,2,Prospect,22,Reporting,0,8,-0.6316283169195503,-0.3203939716475729,clusterEight
39,158,Spring 2011,Picking Green Tech's Winners and Losers,"Clayton M Christensen; Suman ""Shuman"" Talukdar; Richard Alton; Michael B Horn;","2011: 9, 2",,Explore,1,Map,12,Logic,0,8,-0.1816738432732596,-0.6444398734622234,clusterEight
41,173,Winter 2005,Rethinking Self-Esteem,Roy Baumeister;,"2005: 3, 4",EXEMPLAR,Design,3,Collect,31,Reporting,0,8,-0.48132776445003383,0.3371111395452171,clusterEight
54,263,Spring 2016,There is No Such Thing as a Green Product,Trevor Zink; Roland Guyer;,"2016: 14, 2",,Finance,2,Prospect,22,Theory,0,8,-0.5765694736084978,-0.5230408911632365,clusterEight
57,17,Spring 2006,Act on Facts Not Faith,Jeffrey Pfeffer; Robert I Sutton;,"2006: 4, 1",EXEMPLAR,Explore,1,Map,12,Case Study,1,8,-0.2479105070971543,0.2846417466489609,clusterEight
69,99,Spring 2003,Going Head to Head,David P Baron;,"2003: 1, 1",EXEMPLAR,Finance,2,Invest,21,Case Study,0,8,-0.3158854483272368,-0.3336817042057034,clusterEight
97,29,Summer 2005,Block by Block,Ricardo Sandoval;,"2005: 3, 2",,Finance,2,Prospect,22,Reporting,0,8,-0.21734884549169606,-0.5987924740330361,clusterEight
116,216,Summer 2009,The Hidden Costs of Cause Marketing,Angela M Eikenberry;,"2009: 7, 3",EXEMPLAR,Finance,2,Prospect,22,Theory,0,8,-0.6247447017510166,-0.09175672014093954,clusterEight
119,230,Fall 2006,The Other CSR,Timothy M Devinney; Patrice Auger; Giana Eckhardt; Thomas Birtchnell;,"2006: 4, 3",EXEMPLAR,Finance,2,Prospect,22,Logic,1,8,-0.43802909523658357,-0.538831462864003,clusterEight
140,277,Spring 2015,Using Economic Forces to Conserve Nature,John Reid; Aaron Bruner; Alfonso Malky;,"2015: 13, 2",EXEMPLAR,Design,3,Collect,31,Logic,0,8,-0.49117682493237586,-0.30086698882567486,clusterEight
150,233,Spring 2004,The Path of Change,Jerry Porras; Tom Vander Ark;,"2004: 1, 4",,Design,3,Combine,32,Interviews,0,8,-0.3549273584359568,0.40420402482455675,clusterEight
154,24,Spring 2004,Best of Breed,Philip Kotler; Nancy Lee;,"2004: 1, 4",EXEMPLAR,Advocacy,4,Frame,41,Case study,0,8,-0.29595914744267016,-0.26856108546714824,clusterEight
156,65,Fall 2008,Cultivating the Green Consumer,Sheila Bonini; Jeremy Oppenheim;,"2008: 6, 4",,Finance,2,Prospect,22,Interviews,1,8,-0.39721368846827787,-0.5699574257306605,clusterEight
159,130,Winter 2003,Loud and Clear,Chip Heath;,"2003: 1, 3",EXEMPLAR,Advocacy,4,Frame,41,Reporting,1,8,-0.4046539605872555,0.3649301267871833,clusterEight
164,181,Spring 2009,Shades of Green,Andrew J Hoffman;,"2009: 7, 2",,Advocacy,4,Frame,41,Interviews,1,8,-0.5576683696934114,-0.2966720185575607,clusterEight
165,190,Spring 2017,Stop Raising Awareness Already,Ann Christiano; Annie Neimand,"2017: 15, 2",,Advocacy,4,Frame,41,Logic,1,8,0.43893030413655476,-0.5056526362594526,clusterEight
173,18,Fall 2004,An Accidental Good,Doug Guthrie;,"2004: 2, 2",,Advocacy,4,Ratify,42,Case study,0,8,-0.5165603169937989,-0.4181318011592994,clusterEight
199,100,Spring 2003,Going to Scale,Jeffrey L Bradach;,"2003: 1, 1",EXEMPLAR,Deliver,5,Scale,51,Case Study,1,8,-0.03386480600365345,0.04767981255625238,clusterEight
27,76,Fall 2017,Do Benefit Corporations Respect Human Rights?,Joanne Bauer; Elizabeth Umlas,"2017: 15, 4",EXEMPLAR,Finance,2,Prospect,22,Case Study,0,9,-0.2627847237860913,-0.5856815513666899,clusterNine
28,84,Summer 2009,Ethics and Nonprofits,Deborah L Rhode; Amanda K Packel;,"2009: 7, 3",EXEMPLAR,Explore,1,Map,12,Logic,1,9,0.4126226829452013,0.43361052293080543,clusterNine
40,165,Spring 2005,Putting People First,Jeffrey Pfeffer;,"2005: 3, 1",EXEMPLAR,Explore,1,Map,12,Case Study,1,9,0.05185810183036011,-0.0810549426452774,clusterNine
46,224,Fall 2015,The New Face of Corporate Activism,Gerald F Davis; Christopher J White;,"2015: 13, 4",EXEMPLAR,Finance,2,Prospect,22,Logic,1,9,-0.10719986734564443,-0.6919840355387591,clusterNine
51,257,Fall 2004,The Tempered Radicals,Debra E Meyerson;,"2004: 2, 2",,Explore,1,Map,12,Interviews,1,9,-0.130585490071428,-0.48724878725928544,clusterNine
78,157,Summer 2005,Philanthropy Inc.,Keith Epstein;,"2005: 3, 2",,Finance,2,Invest,21,Reporting,0,9,-0.11798396382139174,-0.07532591196053255,clusterNine
94,5,Summer 2007,A New Era for Business,Scott C Beardsley; Sheila Bonini; Lenny Mendonca; Jeremy Oppenheim;,"2007: 5, 3",,Finance,2,Prospect,22,Reporting,1,9,-0.20343195474876652,-0.45162501299347946,clusterNine
98,44,Spring 2006,Changing the Game,Mark Kramer; John Kania;,"2006: 4, 1",,Finance,2,Prospect,22,Case Study,1,9,0.06137447166566158,-0.27601865919889107,clusterNine
99,55,Winter 2012,Connecting Heart to Head,Ram Nidumolu; Kevin Kramer; Jochen Zeitz;,"2012: 10, 1",,Finance,2,Prospect,22,Case Study,1,9,-0.019062217828799178,-0.5570814501626152,clusterNine
102,81,Spring 2015,Empowering Women at the Grassroots,Marissa Wesely; Dina Dublon;,"2015: 13, 2",,Finance,2,Prospect,22,Case Study,1,9,0.12057101478063116,-0.5604316459412051,clusterNine
104,95,Winter 2008,Getting Human Rights Right,Jenik Radon; Margo Tatgenhorst Drakos; Tarek Farouk Maassarani;,"2008: 6, 1",EXEMPLAR,Finance,2,Prospect,22,Reporting,1,9,-0.32216737441577276,-0.38673395493549295,clusterNine
107,116,Winter 2014,Inside the Buy-One Give-One Model,Christopher Marquis; Andrew Park;,"2014: 12, 1",EXEMPLAR,Finance,2,Prospect,22,Reporting,1,9,0.18325095362828323,-0.6077547407625897,clusterNine
111,187,Fall 2011,Sourcing Locally for Impact,Ethan B Kapstein; René Kim;,"2011: 9, 4",,Finance,2,Prospect,22,Case Study,0,9,-0.13112158814281835,-0.4325657277838112,clusterNine
117,222,Fall 2005,The Myth of CSR,Deborah Doane;,"2005: 3, 3",EXEMPLAR,Finance,2,Invest,21,Reporting,0,9,-0.23884095204629133,-0.36954090802162975,clusterNine
118,227,Spring 2018,The Next Phase of Business Sustainability,Andrew J. Hoffman;,"2018: 16,2",,Finance,2,Prospect,42,Reporting,0,9,-0.19562387909175924,-0.3420509962869093,clusterNine
124,259,Fall 2012,The Truth About Ben and Jerry's,Antony Page; Robert A Katz;,"2012: 10, 4",,Finance,2,Prospect,22,Logic,0,9,0.10481309960484857,-0.6872635432672176,clusterNine
125,264,Summer 2010,Thinking Straight About Sustainability,Marc J Epstein;,"2010: 8, 3",EXEMPLAR,Finance,2,Prospect,22,Interviews,0,9,-0.08611762543547444,-0.5325373271419642,clusterNine
162,154,Winter 2007,One Buyer at a Time,James T Riordan;,"2007: 5, 1",,Finance,2,Prospect,22,Case study,0,9,-0.039064981310280536,-0.5008198865015256,clusterNine
172,14,Summer 2011,Achieving Sustainability Through Integrated Reporting,Robert G Eccles; Daniela Saltzman;,"2011: 9, 3",,Advocacy,4,Ratify,42,Case study,0,9,-0.058633671747461855,-0.6391683800577352,clusterNine
177,103,Fall 2007,Harnessing Purity and Pragmatism,Alana Conner; Keith Epstein;,"2007: 5, 4",,Advocacy,4,Ratify,42,Reporting,0,9,-0.2836275456045648,-0.09073280226977504,clusterNine
180,127,Winter 2009,Lobbying for Good,Kyle Peterson; Marc Pfitzer;,"2009: 7, 1",EXEMPLAR,Advocacy,4,Ratify,42,Case Study,0,9,-0.2615209668779445,-0.5248834983316525,clusterNine
187,249,Winter 2008,The Responsibility Paradox,Gerald F Davis; Marina VN Whitman; Mayer Zald;,"2008: 6, 1",,Finance,2,Prospect,22,Reporting,0,9,-0.2947286452768689,-0.4273976790366091,clusterNine
206,217,Winter 2015,The Hidden Pitfalls of Inclusive Innovation,Raghav Narsalay; Leandro Pongeluppe; David Light;,"2015: 13, 1",,Explore,1,Map,12,Case Study,1,9,-0.0028978536898274622,-0.3626639696520241,clusterNine
218,83,Fall 2016,Engaging Employees to Create a Sustainable Business,Paul Polman; CB Bhattacharya;,"2016: 14, 4",,Deliver,5,Disrupt,52,Reporting,1,9,-0.007700229331146745,-0.7259709911526576,clusterNine