ID,Issue ,newClusters,colorStyle,Title,Authors ,Issue1,yearVolumeIssue,Exemplar,Method_x,Issue,ArticleType;Feature=1;CaseStudy=2,Year_y,Volume_y,IssueNumber,PageLength,PrimaryTool,PRIMARYTOOLCODE,PrimaryTask,PRIMARYTASKCODE,Method_y,#ofItemsonList,num,type,1,2,3,4,5,explore,design,advocacy,deliver,xs,ys,finance
7,Fall 2006,0,clusterZero,A New Take on Tithing,Claude Rosenberg; Tim Stone;,Fall 2006,"2006: 4, 3",EXEMPLAR,Logic,Fall 2006,1,2006,4,3,9,Finance,2,Prospect,22,Logic,0,10,2,0,1,0,0,0,0,0,0,0,-0.5193052888998620,0.06299310659676540,0.3
26,Fall 2010,0,clusterZero,Beyond the Poverty Line,Rourke L O'Brien; David S Pedulla;,Fall 2010,"2010: 8, 4",,Logic,Fall 2010,1,2010,8,4,7,Explore,1,Map,12,Logic,0,29,1,1,0,0,0,0,0.15,0,0,0,0.2613398947683420,-0.5308697541159470,0
60,Summer 2006,0,clusterZero,Creating Social Change: 10 Innovative Technologies,John Voelcker;,Summer 2006,"2006: 4, 2",EXEMPLAR,Reporting,Summer 2006,1,2006,4,2,11,Design,3,Combine,32,Reporting,0,,3,0,0,1,0,0,0,0.15,0,0,-0.007177593988299090,-0.3170321407733170,0
72,Fall 2008,0,clusterZero,Dialing for Development,David Lehr;,Fall 2008,"2008: 6, 4",,Reporting,Fall 2008,1,2008,6,4,7,Deliver,5,Scale,51,Reporting,0,20,5,0,0,0,0,1,0,0,0,0.15,-0.013383559229334000,-0.4045663742706330,0
82,Winter 2010,0,clusterZero,Endowment for a Rainy Day,Burton A Weisbrod; Evelyn D Asch;,Winter 2010,"2010: 8, 1",EXEMPLAR,Case Study,Winter 2010,1,2010,8,1,7,Deliver,5,Disrupt,52,Case Study,0,226,5,0,0,0,0,1,0,0,0,0.15,-0.5589346859691880,0.07554291532125290,0
104,Winter 2010,0,clusterZero,Helping the Poor Save More,Dean Karlan;,Winter 2010,"2010: 8, 1",EXEMPLAR,Logic,Winter 2010,1,2010,8,1,7,Design,3,Combine,32,Logic,0,227,3,0,0,1,0,0,0,0.15,0,0,0.0016231952282110500,-0.5933106297747930,0
112,Winter 2008,0,clusterZero,In Microfinance Clients Must Come First,Srikant M Datar; Marc J Epstein; Kristi Yuthas;,Winter 2008,"2008: 6, 1",,Case Study,Winter 2008,1,2008,6,1,9,Finance,2,Invest,21,Case Study,0,217,2,0,1,0,0,0,0,0,0,0,0.03405972236843180,-0.2752706844415790,0.3
142,Summer 2007,0,clusterZero,Microfinance Misses Its Mark,Aneel Karnani;,Summer 2007,"2007: 5, 3",,Reporting,Summer 2007,1,2007,5,3,8,Finance,2,Prospect,22,Reporting,0,,2,0,1,0,0,0,0,0,0,0,-0.06735758847332890,-0.4185204033837520,0.3
143,Winter 2011,0,clusterZero,Microfinance Needs Regulation,Aneel Karnani;,Winter 2011,"2011: 9, 1",EXEMPLAR,Logic,Winter 2011,1,2011,9,1,7,Advocacy,4,Ratify,42,Logic,0,232,4,0,0,0,1,0,0,0,0.15,0,-0.07735829685178810,-0.6013293007039990,0
144,Summer 2008,0,clusterZero,Microloan Sharks,Jonathan C Lewis;,Summer 2008,"2008: 6, 3",EXEMPLAR,Reporting,Summer 2008,1,2008,6,3,7,Advocacy,4,Ratify,42,Reporting,0,155,4,0,0,0,1,0,0,0,0.15,0,-0.45463023836490700,-0.16088330053118100,0
170,Summer 2008,0,clusterZero,Reimagining Microfinance,Alex Counts;,Summer 2008,"2008: 6, 3",EXEMPLAR,Logic,Summer 2008,1,2008,6,3,9,Finance,2,Invest,21,Logic,0,156,2,0,1,0,0,0,0,0,0,0,-0.03801881842808300,-0.1482272629994060,0.3
176,Winter 2009,0,clusterZero,Romanticizing the Poor,Aneel Karnani;,Winter 2009,"2009: 7, 1",EXEMPLAR,Reporting,Winter 2009,1,2009,7,1,7,Explore,1,Map,12,Reporting,0,222,1,1,0,0,0,0,0.15,0,0,0,-0.15807489035273800,-0.6061216743307030,0
228,Fall 2014,0,clusterZero,The Next Stage of Financial Inclusion,Dean Karlan;,Fall 2014,"2014: 12, 4",EXEMPLAR,Case Study,Fall 2014,1,2014,12,4,9,Deliver,5,Disrupt,52,Case Study,0,51,5,0,0,0,0,1,0,0,0,0.15,-0.05905548119908600,-0.06388963561138230,0
229,Fall 2009,0,clusterZero,The Nonprofit Starvation Cycle,Ann Goggins Gregory; Don Howard;,Fall 2009,"2009: 7, 4",EXEMPLAR,Logic,Fall 2009,1,2009,7,4,7,Deliver,5,Disrupt,52,Logic,0,28,5,0,0,0,0,1,0,0,0,0.15,0.036565020538057300,0.3876682773281000,0
261,Summer 2004,0,clusterZero,The Working Poor,David K Shipler;,Summer 2004,"2004: 2, 1",,Interviews,Summer 2004,1,2004,2,1,9,Explore,1,Map,12,Interviews,0,137,1,1,0,0,0,0,0.15,0,0,0,0.09006744830019810,-0.47231619724256800,0
22,Spring 2013,1,clusterOne,Assessing Advocacy,Ivan Barkhorn; Nathan Huttner; Jason Blau;,Spring 2013,"2013: 11, 2",,Case Study,Spring 2013,1,2013,11,2,8,Advocacy,4,Frame,41,Case Study,9,110,4,0,0,0,1,0,0,0,0.15,0,0.304989855034449,0.22648056615845600,0
28,Summer 2014,1,clusterOne,Big Data for Social Innovation,Kevin C Desouza; Kendra L Smith;,Summer 2014,"2014: 12, 3",EXEMPLAR,Logic,Summer 2014,1,2014,12,3,7,Design,3,Collect,31,Logic,4,184,3,0,0,1,0,0,0,0.15,0,0,0.298809262016358,-0.6716741659279820,0
30,Summer 2013,1,clusterOne,Bottom-Up Solutions to Mitigating Climate Change,Jessica Seddon; Veerabhadran Ramanathan;,Summer 2013,"2013: 11, 3",,Case Study,Summer 2013,1,2013,11,3,7,Design,3,Collect,31,Case Study,0,,3,0,0,1,0,0,0,0.15,0,0,0.13372072274382700,-0.5408870650144360,0
33,Fall 2012,1,clusterOne,Broader Evidence for Bigger Impact,Lisbeth B Schorr;,Fall 2012,"2012: 10, 4",EXEMPLAR,Logic,Fall 2012,1,2012,10,4,7,Explore,1,Map,12,Logic,4,39,1,1,0,0,0,0,0.15,0,0,0,0.3925999393072520,0.1026010235978800,0
35,Winter 2018,1,clusterOne,Can Measures Change the World?,Christopher Nelson; Anita Chandra; Carolyn Miller;,Winter 2018,"2018: 16,1",EXEMPLAR,Reporting,Winter 2018,1,2018,16,1,5,Explore,1,Map,12,Reporting,,,1,1,0,0,0,0,0.15,0,0,0,0.6067250514801150,-0.20421637167772000,0
36,Fall 2015,1,clusterOne,Can We Measure Media Impact? Reading Between the Lines,Chip Giller; Katharine Wroth;,Fall 2015,"2015: 13, 4",,Reporting,Fall 2015,1,2015,13,4,11,Deliver,5,Disrupt,52,Reporting,0,,5,0,0,0,0,1,0,0,0,0.15,0.13496536553642700,-0.1924455835970010,0
37,Fall 2015,1,clusterOne,Can We Measure Media Impact? Surveying the Field,Anya Schiffrin; Ethan Zuckerman;,Fall 2015,"2015: 13, 4",EXEMPLAR,Reporting,Fall 2015,1,2015,13,4,11,Advocacy,4,Frame,41,Reporting,0,,4,0,0,0,1,0,0,0,0.15,0,0.14710830129118600,-0.20731576428110900,0
41,Summer 2017,1,clusterOne,Caught in a Fake Debate,Annie Duflo; Heidi McAnnally-Linz,Summer 2017,"2017: 15, 3",EXEMPLAR,Reporting,Summer 2017,1,2017,15,3,2,Explore,1,Map,12,Reporting,,,1,1,0,0,0,0,0.15,0,0,0,0.6004758016960400,0.26737550451126700,0
63,Spring 2006,1,clusterOne,Crisis Mentality,Keith Epstein;,Spring 2006,"2006: 4, 1",,Reporting,Spring 2006,1,2006,4,1,11,Finance,2,Prospect,22,Reporting,0,79,2,0,1,0,0,0,0,0,0,0,0.07147291969624970,-0.07816645731900810,0.3
67,Spring 2017,1,clusterOne,Data Disrupts Corruption,Carlos Santos; Ben Roseth;,Spring 2017,"2017: 15, 2",EXEMPLAR,Logic,Spring 2017,1,2017,15,2,5,Advocacy,4,Frame,41,Logic,3,,4,0,0,0,1,0,0,0,0.15,0,0.19963267348954200,-0.6720344237798580,0
69,Winter 2018,1,clusterOne,Design Thinking for Higher Education,"Clark Gilbert, Michael Crow; Derrick Anderson;",Winter 2018,"2018: 16,1",,Reporting,Winter 2018,1,2018,16,1,6,Design,3,Combine,32,Reporting,,,3,0,0,1,0,0,0,0.15,0,0,0.3268402180682690,-0.27138685523345100,0
79,Fall 2006,1,clusterOne,Drowning in Data,Alana Conner Snibbe;,Fall 2006,"2006: 4, 3",EXEMPLAR,Reporting,Fall 2006,1,2006,4,3,9,Explore,1,Map,12,Reporting,4,11,1,1,0,0,0,0,0.15,0,0,0,0.4083958094945490,0.4710424125937230,0
97,Fall 2014,1,clusterOne,Global Problem Solving Without the Globaloney,Pankaj Ghemawat;,Fall 2014,"2014: 12, 4",,Interviews,Fall 2014,1,2014,12,4,9,Explore,1,Map,12,Interviews,9,50,1,1,0,0,0,0,0.15,0,0,0,0.043306364442539100,-0.48556827774247900,0
106,Winter 2018,1,clusterOne,How Field Catalysts Galvanize Social Change,Taz Hussein; Matt Plummer; Bill Breen;,Winter 2018,"2018: 16,1",,Case Study,Winter 2018,1,2018,16,1,6,Deliver,5,Scale,51,Case Study,,,5,0,0,0,0,1,0,0,0,0.15,-0.47127353932841200,0.3034711116779650,0
122,Winter 2013,1,clusterOne,Learning from Coca-Cola,Prashant Yadav; Orla Stapleton; Luk Van Wassenhove;,Winter 2013,"2013: 11, 1",EXEMPLAR,Case study,Winter 2013,1,2013,11,1,7,Design,3,Combine,32,Case study,0,,3,0,0,1,0,0,0,0.15,0,0,0.5297378744441790,-0.44111578069993400,0
124,Winter 2014,1,clusterOne,Lessons in Forging Global Change,Karliner; Cohen; Orris;,Winter 2014,"2014: 12, 1",,Reporting,Winter 2014,1,2014,12,1,7,Advocacy,4,Frame,41,Reporting,5,246,4,0,0,0,1,0,0,0,0.15,0,0.3940721216166830,-0.5017231945123420,0
138,Summer 2010,1,clusterOne,Measuring Social Value,Geoff Mulgan;,Summer 2010,"2010: 8, 3",EXEMPLAR,Logic,Summer 2010,1,2010,8,3,7,Explore,1,Map,12,Logic,5,166,1,1,0,0,0,0,0.15,0,0,0,0.40496892730126300,0.17904191298838700,0
162,Spring 2012,1,clusterOne,Private Schools for the Poor,Josh Kwan;,Spring 2012,"2012: 10, 2",,Reporting,Spring 2012,1,2012,10,2,7,Finance,2,Prospect,22,Reporting,0,107,2,0,1,0,0,0,0,0,0,0,0.34606972444929300,-0.5560163225720210,0.3
167,Summer 2012,1,clusterOne,Realigning Health with Care,Rebecca Onie; Paul Farmer; Heidi Behforouz;,Summer 2012,"2012: 10, 3",EXEMPLAR,Logic,Summer 2012,1,2012,10,3,9,Design,3,Combine,32,Logic,0,178,3,0,0,1,0,0,0,0.15,0,0,0.5216101895769780,-0.48118946987804900,0
190,Spring 2017,1,clusterOne,Stop Raising Awareness Already,Ann Christiano; Annie Neimand,Spring 2017,"2017: 15, 2",,Logic,Spring 2017,1,2017,15,2,7,Advocacy,4,Frame,41,Logic,3,,4,0,0,0,1,0,0,0,0.15,0,0.22062961844217200,-0.30457168910465500,0
205,Summer 2011,1,clusterOne,The Elusive Craft of Evaluating Advocacy,Steven Teles; Mark Schmitt;,Summer 2011,"2011: 9, 3",,Reporting,Summer 2011,1,2011,9,3,7,Advocacy,4,Ratify,42,Reporting,0,172,4,0,0,0,1,0,0,0,0.15,0,0.4498301400228090,0.18470362221126600,0
210,Fall 2013,1,clusterOne,The Future of Health Care Access,John A MacDonald; Anita M McGahan; Will Mitchell;,Fall 2013,"2013: 11, 4",EXEMPLAR,Case Study,Fall 2013,1,2013,11,4,8,Design,3,Collect,31,Case Study,0,45,3,0,0,1,0,0,0,0.15,0,0,0.5384078112146000,-0.41199379418330500,0
212,Summer 2017,1,clusterOne,The Generalizability Puzzle,Mary Ann Bates; Rachel Glennerster,Summer 2017,"2017: 15, 3",EXEMPLAR,Reporting,Summer 2017,1,2017,15,3,5,Explore,1,Map,12,Reporting,11,,1,1,0,0,0,0,0.15,0,0,0,0.5033462321447900,-0.17334397432155100,0
237,Winter 2016,1,clusterOne,The Power of Lean Data,Sasha Dichter; Tom Adams; Alnoor Ebrahim;,Winter 2016,"2016: 14, 1",EXEMPLAR,Case Study,Winter 2016,1,2016,14,1,7,Explore,1,Map,12,Case Study,5,258,1,1,0,0,0,0,0.15,0,0,0,0.19711048443178900,-0.5298230693766850,0
252,Spring 2016,1,clusterOne,The Risky Rhetoric of Female Risk Aversion,Sarah Kaplan; Natssia Walley;,Spring 2016,"2016: 14, 2",,Case Study,Spring 2016,1,2016,14,2,8,Explore,1,Call,11,Case Study,8,128,1,1,0,0,0,0,0.15,0,0,0,0.03978077009098170,-0.6658441979909280,0
276,Summer 2016,1,clusterOne,Using Data for Action and for Impact,Jim Fruchterman;,Summer 2016,"2016: 14, 3",EXEMPLAR,Reporting,Summer 2016,1,2016,14,3,7,Explore,1,Map,12,Reporting,0,,1,1,0,0,0,0,0.15,0,0,0,0.4556171428196490,0.4568293147376830,0
278,Winter 2013,1,clusterOne,Using National Networks to Tackle Chronic Disease,Taz Hussein; Michaela Kerrissey;,Winter 2013,"2013: 11, 1",,Interviews,Winter 2013,1,2013,11,1,7,Deliver,5,Disrupt,52,Interviews,4,244,5,0,0,0,0,1,0,0,0,0.15,0.41000704622876500,0.28185259233874900,0
4,Summer 2010,2,clusterTwo,A Good Business for Poor People,Lisa Jones Christensen; David Lehr; Jason Fairbourne;,Summer 2010,"2010: 8, 3",,Case Study,Summer 2010,1,2010,8,3,7,Finance,2,Prospect,22,Case Study,0,164,2,0,1,0,0,0,0,0,0,0,-0.07077532620967500,-0.30160833663693700,0.3
10,Summer 2017,2,clusterTwo,A Revamped ACLU Takes on Today's Fights,Anthony Romero; Geri Rozanski;,Summer 2017,"2017: 15, 3",EXEMPLAR,Case Study,Summer 2017,1,2017,15,3,7,Deliver,5,Disruption,52,Case Study,5,,5,0,0,0,0,1,0,0,0,0.15,0.03094755729214390,0.16086504258748700,0
11,Winter 2013,2,clusterTwo,A Revolution Begins in Teacher Prep,Jonathan Schorr;,Winter 2013,"2013: 11, 1",,Reporting,Winter 2013,1,2013,11,1,7,Explore,1,Map,12,Reporting,0,239,1,1,0,0,0,0,0.15,0,0,0,0.3846989774254670,-0.21213116484713900,0
17,Spring 2006,2,clusterTwo,Act on Facts Not Faith,Jeffrey Pfeffer; Robert I Sutton;,Spring 2006,"2006: 4, 1",EXEMPLAR,Case Study,Spring 2006,1,2006,4,1,9,Explore,1,Map,12,Case Study,14,76,1,1,0,0,0,0,0.15,0,0,0,0.23110024461375700,0.01889092180289660,0
21,Winter 2004,2,clusterTwo,Are You Giving Away the Store?,Margaret A Neale;,Winter 2004,"2004: 2, 3",,Logic,Winter 2004,1,2004,2,3,9,Advocacy,4,Ratify,42,Logic,6,,4,0,0,0,1,0,0,0,0.15,0,0.26703837826001100,-0.31482657174195400,0
29,Summer 2005,2,clusterTwo,Block by Block,Ricardo Sandoval;,Summer 2005,"2005: 3, 2",,Reporting,Summer 2005,1,2005,3,2,5,Finance,2,Prospect,22,Reporting,0,140,2,0,1,0,0,0,0,0,0,0,-0.2599009250451290,-0.5324930623892550,0.3
47,Fall 2011,2,clusterTwo,Circles of Change,Tracy A Thompson;,Fall 2011,"2011: 9, 4",,Logic,Fall 2011,1,2011,9,4,7,Explore,1,Map,12,Logic,4,34,1,1,0,0,0,0,0.15,0,0,0,0.3262785528564890,-0.07226761141633650,0
80,Spring 2017,2,clusterTwo,Embedding Education in Everyday Life,Guy Stuart; Jorrit de Jong; Linda Kaboolian,Spring 2017,"2017: 15, 2",,Reporting,Spring 2017,1,2017,15,2,6,Deliver,5,Scale,51,Reporting,3,,5,0,0,0,0,1,0,0,0,0.15,0.6636235224121090,-0.10441609213168100,0
84,Summer 2009,2,clusterTwo,Ethics and Nonprofits,Deborah L Rhode; Amanda K Packel;,Summer 2009,"2009: 7, 3",EXEMPLAR,Logic,Summer 2009,1,2009,7,3,9,Explore,1,Map,12,Logic,3,159,1,1,0,0,0,0,0.15,0,0,0,-0.12538572326529100,-0.013236259648480900,0
90,Spring 2018,2,clusterTwo,Four Strategies for Large Systems Change,Steve Waddell;,Spring 2018,"2018: 16,2",EXEMPLAR,Logic,Spring 2018,1,2018,16,2,6,Deliver,5,Scale,51,Logic,6,,5,0,0,0,0,1,0,0,0,0.15,0.20168590690566400,-0.48202492153838200,0
100,Spring 2003,2,clusterTwo,Going to Scale,Jeffrey L Bradach;,Spring 2003,"2003: 1, 1",EXEMPLAR,Case Study,Spring 2003,1,2003,1,1,8,Deliver,5,Scale,51,Case Study,3,65,5,0,0,0,0,1,0,0,0,0.15,0.11704179481198300,0.07111644106389530,0
128,Summer 2011,2,clusterTwo,Local Empowerment Through Rapid Results,Nadim Matta; Peter Morgan;,Summer 2011,"2011: 9, 3",,Case study,Summer 2011,1,2011,9,3,7,Deliver,5,Scale,51,Case study,0,170,5,0,0,0,0,1,0,0,0,0.15,0.4205531558484270,-0.13791298996212200,0
130,Winter 2003,2,clusterTwo,Loud and Clear,Chip Heath;,Winter 2003,"2003: 1, 3",EXEMPLAR,Reporting,Winter 2003,1,2003,1,3,11,Advocacy,4,Frame,41,Reporting,6,196,4,0,0,0,1,0,0,0,0.15,0,0.15495451702575100,0.16485356946064600,0
151,Winter 2007,2,clusterTwo,Networks for Good Works,Joel M Podolny;,Winter 2007,"2007: 5, 1",EXEMPLAR,Case study,Winter 2007,1,2007,5,1,9,Advocacy,4,Frame,41,Case study,0,210,4,0,0,0,1,0,0,0,0.15,0,0.506344781350814,0.27937011380995,0
165,Spring 2005,2,clusterTwo,Putting People First,Jeffrey Pfeffer;,Spring 2005,"2005: 3, 1",EXEMPLAR,Case Study,Spring 2005,1,2005,3,1,9,Explore,1,Map,12,Case Study,7,72,1,1,0,0,0,0,0.15,0,0,0,0.013510761057823200,0.08611646426530480,0
168,Fall 2009,2,clusterTwo,Recreating Fine Arts Institutions,Diane E Ragsdale;,Fall 2009,"2009: 7, 4",EXEMPLAR,Case Study,Fall 2009,1,2009,7,4,7,Deliver,5,Disrupt,52,Case Study,7,27,5,0,0,0,0,1,0,0,0,0.15,0.4065654116427210,0.353821331799317,0
173,Winter 2005,2,clusterTwo,Rethinking Self-Esteem,Roy Baumeister;,Winter 2005,"2005: 3, 4",EXEMPLAR,Reporting,Winter 2005,1,2005,3,4,9,Design,3,Collect,31,Reporting,0,206,3,0,0,1,0,0,0,0.15,0,0,0.35456851572348300,-0.3574870656601810,0
174,Winter 2005,2,clusterTwo,Reversing Burnout,Christina Maslach; Michael P Leiter;,Winter 2005,"2005: 3, 4",EXEMPLAR,Interviews,Winter 2005,1,2005,3,4,9,Deliver,5,Disrupt,52,Interviews,0,207,5,0,0,0,0,1,0,0,0,0.15,0.2759038024262830,0.07874307218031470,0
184,Spring 2007,2,clusterTwo,Social Entrepeneurship: The Case for Definition,Roger L Martin; Sally Osberg;,Spring 2007,"2007: 5, 2",EXEMPLAR,Case Study,Spring 2007,1,2007,5,2,13,Explore,1,Call,11,Case Study,5,,1,1,0,0,0,0,0.15,0,0,0,0.033442747208492300,-0.15212543949255200,0
188,Spring 2003,2,clusterTwo,Sparking Nonprofit Innovation,Robert I Sutton;,Spring 2003,"2003: 1, 1",EXEMPLAR,Reporting,Spring 2003,1,2003,1,1,9,Explore,1,Call,11,Reporting,3,66,1,1,0,0,0,0,0.15,0,0,0,0.5005886432850650,0.2592977373296600,0
197,Summer 2011,2,clusterTwo,The Challenge of Organizational Learning,Katie Smith Milway; Amy Saxton;,Summer 2011,"2011: 9, 3",,Interviews,Summer 2011,1,2011,9,3,7,Explore,1,Map,12,Interviews,10,171,1,1,0,0,0,0,0.15,0,0,0,0.4930324238646600,0.3531526127037080,0
203,Winter 2015,2,clusterTwo,The Dawn of System Leadership,Peter Senge; Hal Hamilton; John Kania;,Winter 2015,"2015: 13, 1",EXEMPLAR,Logic,Winter 2015,1,2015,13,1,9,Explore,1,Map,12,Logic,9,251,1,1,0,0,0,0,0.15,0,0,0,0.36007994029180200,-0.11704542857070000,0
204,Winter 2011,2,clusterTwo,The Dragonfly Effect,Jennifer Aaker; Andy Smith;,Winter 2011,"2011: 9, 1",EXEMPLAR,Logic,Winter 2011,1,2011,9,1,7,Advocacy,4,Frame,41,Logic,4,233,4,0,0,0,1,0,0,0,0.15,0,0.24663629479212800,-0.14673072873209600,0
226,Winter 2009,2,clusterTwo,The New Volunteer Workforce,David Eisner; Robert T. Grimm Jr; Shannon Maynard; Susannah Washburn;,Winter 2009,"2009: 7, 1",EXEMPLAR,Logic,Winter 2009,1,2009,7,1,7,Explore,1,Call,11,Logic,11,223,1,1,0,0,0,0,0.15,0,0,0,0.07749080642509740,-0.021169354709686400,0
231,Winter 2014,2,clusterTwo,The Paradox of Fair Trade,Manel Modelo;,Winter 2014,"2014: 12, 1",,Logic,Winter 2014,1,2014,12,1,7,Finance,2,Prospect,22,Logic,0,248,2,0,1,0,0,0,0,0,0,0,-0.0095210594855229,-0.47425700284501500,0.3
233,Spring 2004,2,clusterTwo,The Path of Change,Jerry Porras; Tom Vander Ark;,Spring 2004,"2004: 1, 4",,Interviews,Spring 2004,1,2004,1,4,8,Design,3,Combine,32,Interviews,0,70,3,0,0,1,0,0,0,0.15,0,0,0.4112492538395720,-0.3353994733646910,0
234,Winter 2013,2,clusterTwo,The Permanent Disruption of Social Media,Julie Dixon; Denie Keyes;,Winter 2013,"2013: 11, 1",EXEMPLAR,Interviews,Winter 2013,1,2013,11,1,7,Finance,2,Prospect,22,Interviews,0,243,2,0,1,0,0,0,0,0,0,0,0.28101069814755300,-0.4296762152053130,0.3
238,Summer 2003,2,clusterTwo,The Power of Persuasion,Robert B Cialdini;,Summer 2003,"2003: 1, 2",EXEMPLAR,Interviews,Summer 2003,1,2003,1,2,11,Advocacy,4,Frame,41,Interviews,4,133,4,0,0,0,1,0,0,0,0.15,0,-0.02750016681017670,0.079294367361938,0
244,Summer 2015,2,clusterTwo,The Promise of Lean Experimentation,Peter Murray; Steve Ma;,Summer 2015,"2015: 13, 3",EXEMPLAR,Case Study,Summer 2015,1,2015,13,3,7,Design,3,Combine,32,Case Study,17,189,3,0,0,1,0,0,0,0.15,0,0,0.16568854887693500,0.0571104965686751,0
254,Fall 2013,2,clusterTwo,The Secret of Scale,Peter Murray;,Fall 2013,"2013: 11, 4",EXEMPLAR,Case Study,Fall 2013,1,2013,11,4,9,Deliver,5,Scale,51,Case Study,5,46,5,0,0,0,0,1,0,0,0,0.15,-0.5906525156906800,-0.1124080165207390,0
257,Fall 2004,2,clusterTwo,The Tempered Radicals,Debra E Meyerson;,Fall 2004,"2004: 2, 2",,Interviews,Fall 2004,1,2004,2,2,11,Explore,1,Map,12,Interviews,3,4,1,1,0,0,0,0,0.15,0,0,0,-0.1090319161997970,-0.3664998959325200,0
258,Summer 2015,2,clusterTwo,The Time Bank Solution,Edgar S Cahn; Christine Gray;,Summer 2015,"2015: 13, 3",,Logic,Summer 2015,1,2015,13,3,7,Design,3,Collect,31,Logic,0,190,3,0,0,1,0,0,0,0.15,0,0,0.19840949033363400,-0.1491291997960110,0
262,Fall 2005,2,clusterTwo,The Workings of Class,Adrie Kusserow;,Fall 2005,"2005: 3, 3",,Case Study,Fall 2005,1,2005,3,3,11,Explore,1,Map,12,Case Study,0,9,1,1,0,0,0,0,0.15,0,0,0,0.621354082342595,0.08901517300469790,0
266,Winter 2003,2,clusterTwo,To the Rescue,Roger Martin;,Winter 2003,"2003: 1, 3",EXEMPLAR,Case study,Winter 2003,1,2003,1,3,9,Explore,1,Map,12,Case study,7,200,1,1,0,0,0,0,0.15,0,0,0,0.21847504818030500,-0.021612931696785500,0
270,Fall 2010,2,clusterTwo,Turning Values into Action,Mary C Gentile;,Fall 2010,"2010: 8, 4",EXEMPLAR,Logic,Fall 2010,1,2010,8,4,6,Explore,1,Call,11,Logic,7,32,1,1,0,0,0,0,0.15,0,0,0,0.4113495625817360,-0.23384914957643600,0
290,Summer 2010,2,clusterTwo,Working Wikily,Diana Scearce; Gabriel Kasper; Heather McLeod Grant;,Summer 2010,"2010: 8, 3",EXEMPLAR,Logic,Summer 2010,1,2010,8,3,9,Design,3,Collect,31,Logic,6,168,3,0,0,1,0,0,0,0.15,0,0,0.45878237874121700,0.35723541524276200,0
8,Spring 2011,3,clusterThree,A New Type of Hybrid,Allen R Bromberger;,Spring 2011,"2011: 9, 2",EXEMPLAR,Logic,Spring 2011,1,2011,9,2,7,Finance,2,Prospect,22,Logic,0,100,2,0,1,0,0,0,0,0,0,0,-0.32093417069864900,0.30530167931882900,0.3
13,Summer 2008,3,clusterThree,Achieving Breakthrough Performance,Mark Gottfredson; Steve Schaubert; Elisabeth Babcock;,Summer 2008,"2008: 6, 3",EXEMPLAR,Case Study,Summer 2008,1,2008,6,3,9,Deliver,5,Scale,51,Case Study,4,154,5,0,0,0,0,1,0,0,0,0.15,-0.10893880690160200,0.17716742652882200,0
23,Summer 2007,3,clusterThree,Before You Say I Do,Denise L Gammal;,Summer 2007,"2007: 5, 3",,Interviews,Summer 2007,1,2007,5,3,6,Deliver,5,Scale,51,Interviews,0,150,5,0,0,0,0,1,0,0,0,0.15,-0.12345037574113200,0.439212846397591,0
38,Winter 2007,3,clusterThree,Capitalizing on Convergence,James E Austin; Roberto Guti√©rrez; Enrique Ogliastri; Ezequiel Reficco;,Winter 2007,"2007: 5, 1",,Survey,Winter 2007,1,2007,5,1,9,Finance,2,Prospect,22,Survey,0,209,2,0,1,0,0,0,0,0,0,0,-0.25108432759974300,0.1661735724544940,0.3
59,Fall 2007,3,clusterThree,Creating High-Impact Nonprofits,Heather McLeod Grant; Leslie R Crutchfield;,Fall 2007,"2007: 5, 4",EXEMPLAR,Logic,Fall 2007,1,2007,5,4,11,Deliver,5,Disrupt,52,Logic,6,15,5,0,0,0,0,1,0,0,0,0.15,-0.14190599615442500,0.3312868222236650,0
73,Spring 2015,3,clusterThree,Disruption for Good,Laura Arrillaga-Andreessen;,Spring 2015,"2015: 13, 2",,Logic,Spring 2015,1,2015,13,2,7,Advocacy,4,Frame,41,Logic,0,122,4,0,0,0,1,0,0,0,0.15,0,-0.03477086704361410,0.2518853414693160,0
88,Winter 2012,3,clusterThree,Five Ways to Navigate the Fiscal Crisis,Daniel Stid; Willa Seldon;,Winter 2012,"2012: 10, 1",,Interviews,Winter 2012,1,2012,10,1,7,Deliver,5,Disrupt,52,Interviews,9,236,5,0,0,0,0,1,0,0,0,0.15,-0.20907290382325700,0.33313553084494800,0
89,Spring 2011,3,clusterThree,For Love or Lucre,Jim Fruchterman;,Spring 2011,"2011: 9, 2",EXEMPLAR,Logic,Spring 2011,1,2011,9,2,7,Explore,1,Map,12,Logic,0,102,1,1,0,0,0,0,0.15,0,0,0,-0.281331846062422,0.27761957036425100,0
98,Summer 2007,3,clusterThree,Go Ahead--Pop the Question,Kevin T Kirkpatrick;,Summer 2007,"2007: 5, 3",EXEMPLAR,Reporting,Summer 2007,1,2007,5,3,5,Deliver,5,Scale,51,Reporting,0,,5,0,0,0,0,1,0,0,0,0.15,-0.09638923968278040,0.4134724326906230,0
103,Fall 2007,3,clusterThree,Harnessing Purity and Pragmatism,Alana Conner; Keith Epstein;,Fall 2007,"2007: 5, 4",,Reporting,Fall 2007,1,2007,5,4,7,Advocacy,4,Ratify,42,Reporting,0,16,4,0,0,0,1,0,0,0,0.15,0,-0.3170400196839330,0.07614565254010260,0
108,Spring 2007,3,clusterThree,How Nonprofits Get Really Big,William Foster; Gail Fine;,Spring 2007,"2007: 5, 2",EXEMPLAR,Case Study,Spring 2007,1,2007,5,2,11,Deliver,5,Scale,51,Case Study,3,81,5,0,0,0,0,1,0,0,0,0.15,-0.42299551857979100,0.2809382942747630,0
113,Summer 2012,3,clusterThree,In Search of the Hybrid Ideal,Julie Battilana; Matthew Lee; John Walker; Cheryl Dorsey;,Summer 2012,"2012: 10, 3",EXEMPLAR,Logic,Summer 2012,1,2012,10,3,7,Finance,2,Prospect,22,Logic,4,175,2,0,1,0,0,0,0,0,0,0,-0.19568642718684100,0.12564969738795800,0.3
117,Spring 2004,3,clusterThree,Investing in Society,William F Meehan; Derek Kilmer; Maisie O'Flanagan;,Spring 2004,"2004: 1, 4",,Case Study,Spring 2004,1,2004,1,4,,Finance,2,Invest,21,Case Study,4,,2,0,1,0,0,0,0,0,0,0,-0.23219531739601700,0.233348701811633,0.3
121,Spring 2007,3,clusterThree,Learn to Love Lobbying,Fraser Nelson; David W Brady; Alana Conner Snibbe;,Spring 2007,"2007: 5, 2",EXEMPLAR,Interviews,Spring 2007,1,2007,5,2,9,Advocacy,4,Ratify,42,Interviews,4,82,4,0,0,0,1,0,0,0,0.15,0,-0.15966187787589900,0.2966267591987800,0
129,Summer 2012,3,clusterThree,Local Forces for Good,Leslie R Crutchfield; Heather McLeod-Grant;,Summer 2012,"2012: 10, 3",EXEMPLAR,Case study,Summer 2012,1,2012,10,3,7,Deliver,5,Disrupt,52,Case study,6,176,5,0,0,0,0,1,0,0,0,0.15,-0.1507489823067390,0.5435215128590420,0
140,Spring 2010,3,clusterThree,Merging Wisely,David La Piana;,Spring 2010,"2010: 8, 2",EXEMPLAR,Logic,Spring 2010,1,2010,8,2,7,Deliver,5,Scale,51,Logic,0,96,5,0,0,0,0,1,0,0,0,0.15,-0.18841972909689600,0.3816635381593700,0
148,Spring 2008,3,clusterThree,More Bang for the Buck,Alex Neuhoff; Robert Searle;,Spring 2008,"2008: 6, 2",,Case study,Spring 2008,1,2008,6,2,7,Deliver,5,Disrupt,52,Case study,4,86,5,0,0,0,0,1,0,0,0,0.15,-0.3090554806370260,0.48377001395257800,0
163,Spring 2014,3,clusterThree,Programs Aren't Everything,Lehn M Benjamin; David C Campbell;,Spring 2014,"2014: 12, 2",,Case Study,Spring 2014,1,2014,12,2,7,Deliver,5,Disrupt,52,Case Study,4,,5,0,0,0,0,1,0,0,0,0.15,0.3686181996353940,0.5538391161684380,0
171,Fall 2006,3,clusterThree,Reshaping Social Entrepeneurship,Paul C Light;,Fall 2006,"2006: 4, 3",EXEMPLAR,Reporting,Fall 2006,1,2006,4,3,7,Explore,1,Call,11,Reporting,0,,1,1,0,0,0,0,0.15,0,0,0,0.1563993477715790,0.3370588345109400,0
179,Winter 2017,3,clusterThree,Selling Social Change,Taz Hussein; Matt Plummer;,Winter 2017,"2017: 15, 1",,Theory,Winter 2017,1,2017,15,1,5,Advocacy,4,Frame,41,Theory,3,,4,0,0,0,1,0,0,0,0.15,0,-0.032464597474223800,0.2055725546108390,0
191,Summer 2003,3,clusterThree,Strategic Alliances,James Austin;,Summer 2003,"2003: 1, 2",EXEMPLAR,Reporting,Summer 2003,1,2003,1,2,9,Finance,2,Invest,21,Reporting,0,132,2,0,1,0,0,0,0,0,0,0,-0.30740884057820100,0.20094413052070000,0.3
208,Summer 2008,3,clusterThree,The Equity Capital Gap,Clara Miller;,Summer 2008,"2008: 6, 3",,Logic,Summer 2008,1,2008,6,3,7,Finance,2,Invest,21,Logic,0,158,2,0,1,0,0,0,0,0,0,0,-0.3196570079163540,0.43051661476503000,0.3
220,Summer 2006,3,clusterThree,The Leadership Deficit,Thomas J Tierney;,Summer 2006,"2006: 4, 2",EXEMPLAR,Logic,Summer 2006,1,2006,4,2,11,Explore,1,Map,12,Logic,3,147,1,1,0,0,0,0,0.15,0,0,0,-0.1960069687929960,0.43032734170824100,0
223,Spring 2008,3,clusterThree,The Networked Nonprofit,Jane Wei-Skillern; Sonia Marciano;,Spring 2008,"2008: 6, 2",EXEMPLAR,Logic,Spring 2008,1,2008,6,2,7,Deliver,5,Scale,51,Logic,0,89,5,0,0,0,0,1,0,0,0,0.15,-0.08395785497622180,0.5106564906767000,0
235,Winter 2004,3,clusterThree,The Pitfalls of Profits,Burton A Weisbrod;,Winter 2004,"2004: 2, 3",,Case Study,Winter 2004,1,2004,2,3,9,Finance,2,Prospect,22,Case Study,0,204,2,0,1,0,0,0,0,0,0,0,-0.2586309432144200,0.4648488183665670,0.3
236,Winter 2007,3,clusterThree,The Power of Brands,Adrian Sargeant; John B Ford;,Winter 2007,"2007: 5, 1",,Reporting,Winter 2007,1,2007,5,1,9,Advocacy,4,Frame,41,Reporting,4,213,4,0,0,0,1,0,0,0,0.15,0,-0.2053155397480650,0.4985590243944200,0
245,Fall 2017,3,clusterThree,The Promise of Skills-Based Volunteering,Christine Letts; Danielle Holly,Fall 2017,"2017: 15, 4",EXEMPLAR,Case Study,Fall 2017,1,2017,15,3,7,Explore,1,Call,11,Case Study,,,1,1,0,0,0,0,0.15,0,0,0,-0.2923223204564680,0.3254337526117840,0
246,Summer 2005,3,clusterThree,The Ratings Game,Stephanie Lowell; Brian Trelstad; Bill Meehan;,Summer 2005,"2005: 3, 2",EXEMPLAR,Case Study,Summer 2005,1,2005,3,2,9,Finance,2,Invest,21,Case Study,0,144,2,0,1,0,0,0,0,0,0,0,-0.10221165684238100,0.36938896425177800,0.3
253,Spring 2012,3,clusterThree,The Role of Brand in the Nonprofit Sector,Nathalie Kylander; Christopher Stone;,Spring 2012,"2012: 10, 2",EXEMPLAR,Interviews,Spring 2012,1,2012,10,2,7,Deliver,5,Disrupt,52,Interviews,4,108,5,0,0,0,0,1,0,0,0,0.15,-0.1481253747416650,0.4260804565539220,0
255,Spring 2012,3,clusterThree,The Social Enterprise Emerges in China,Meng Zhao;,Spring 2012,"2012: 10, 2",,Interviews,Spring 2012,1,2012,10,2,7,Finance,2,Prospect,22,Interviews,0,109,2,0,1,0,0,0,0,0,0,0,-0.18792220503199400,0.2475895529407460,0.3
256,Fall 2004,3,clusterThree,The Sound of No Music,James A Phills Jr;,Fall 2004,"2004: 2, 2",,Case Study,Fall 2004,1,2004,2,2,11,Explore,1,Call,11,Case Study,3,3,1,1,0,0,0,0,0.15,0,0,0,-0.015159695847182500,0.5144920208527180,0
273,Summer 2007,3,clusterThree,Uniting for Survival,Don Haider;,Summer 2007,"2007: 5, 3",,Case Study,Summer 2007,2,2007,5,3,5,Deliver,5,Scale,51,Case Study,0,153,5,0,0,0,0,1,0,0,0,0.15,-0.04043663666145520,0.6379251086993190,0
280,Summer 2006,3,clusterThree,What Business Execs Dont Know but should About Nonprofits,Les Silverman; Lynn Taliento;,Summer 2006,"2006: 4, 2",,Interviews,Summer 2006,1,2006,4,2,9,Explore,1,Map,12,Interviews,11,148,1,1,0,0,0,0,0.15,0,0,0,-0.14549957850624700,0.49547540740252000,0
282,Winter 2015,3,clusterThree,What's Your Endgame?,Alice Gugelev; Andrew Stern;,Winter 2015,"2015: 13, 1",,Reporting,Winter 2015,1,2015,13,1,9,Deliver,5,Scale,51,Reporting,6,,5,0,0,0,0,1,0,0,0,0.15,-0.25915557844960900,0.5290792345030360,0
283,Fall 2013,3,clusterThree,When Good is Not Good Enough,Bill Shore; Darell Hammond; Amy Celep;,Fall 2013,"2013: 11, 4",EXEMPLAR,Case Study,Fall 2013,1,2013,11,4,9,Explore,1,Call,11,Case Study,4,,1,1,0,0,0,0,0.15,0,0,0,0.20879860373482400,0.36065395219696800,0
287,Summer 2004,3,clusterThree,Why Measure?,Katie Cunningham; Marc Ricks;,Summer 2004,"2004: 2, 1",,Interviews,Summer 2004,1,2004,2,1,9,Explore,1,Map,12,Interviews,0,,1,1,0,0,0,0,0.15,0,0,0,0.13395027486820900,0.4882376075048680,0
289,Summer 2013,3,clusterThree,Why Nonprofits Should Operate Commuter Trains,Rohit T Aggarwala;,Summer 2013,"2013: 11, 3",,Case Study,Summer 2013,1,2013,11,3,9,Deliver,5,Scale,51,Case Study,0,183,5,0,0,0,0,1,0,0,0,0.15,-0.2589567028222870,0.35478889714105200,0
291,Fall 2004,3,clusterThree,Zeroing in on Impact,Susan Colby; Nan Stone; Paul Carttar;,Fall 2004,"2004: 2, 2",,Case Study,Fall 2004,1,2004,2,2,11,Deliver,5,Disrupt,52,Case Study,0,5,5,0,0,0,0,1,0,0,0,0.15,0.22521334098536100,0.3962999160844000,0
2,Winter 2005,4,clusterFour,A Failure of Philanthropy,Robert Reich;,Winter 2005,"2005: 3, 4",EXEMPLAR,Logic,Winter 2005,1,2005,3,4,11,Explore,1,Map,12,Logic,0,205,1,1,0,0,0,0,0.15,0,0,0,-0.1453748317838780,0.043544004588148000,0
6,Fall 2016,4,clusterFour,A New Model for Citizen Engagement,Myung Lee; Peter Levine;,Fall 2016,"2016: 14, 4",EXEMPLAR,Logic,Fall 2016,1,2016,14,4,7,Advocacy,4,Ratify,42,Logic,5,57,4,0,0,0,1,0,0,0,0.15,0,0.4600274737952750,-0.09476266724237800,0
20,Winter 2010,4,clusterFour,An Ounce of Advocacy,Alyssa Battistoni;,Winter 2010,"2010: 8, 1",EXEMPLAR,Case Study,Winter 2010,1,2010,8,1,6,Advocacy,4,Ratify,42,Case Study,0,224,4,0,0,0,1,0,0,0,0.15,0,-0.1752004560831340,-0.08848606398568870,0
31,Winter 2015,4,clusterFour,Bridge-Building for Social Transformation,L. David Brown;,Winter 2015,"2015: 13, 1",,Case study,Winter 2015,1,2015,13,1,7,Explore,1,Map,12,Case study,5,,1,1,0,0,0,0,0.15,0,0,0,0.510841768901521,-0.07787957467695450,0
40,Fall 2009,4,clusterFour,Catalytic Philanthropy,Mark R Kramer;,Fall 2009,"2009: 7, 4",EXEMPLAR,Case Study,Fall 2009,1,2009,7,4,7,Finance,2,Invest,21,Case Study,4,25,2,0,1,0,0,0,0,0,0,0,0.012096561791689400,0.00025769053582403300,0.3
46,Spring 2013,4,clusterFour,China's Quest to Adopt Electric Vehicles,Christopher Marquis; Hongyu Zhang; Lixuan Zhou;,Spring 2013,"2013: 11, 2",,Case Study,Spring 2013,1,2013,11,2,7,Design,3,Combine,32,Case Study,0,,3,0,0,1,0,0,0,0.15,0,0,0.1422312084357030,-0.4757002517923080,0
49,Fall 2012,4,clusterFour,Climate Science as Culture War,Andrew J Hoffman;,Fall 2012,"2012: 10, 4",EXEMPLAR,Logic,Fall 2012,1,2012,10,4,9,Advocacy,4,Frame,41,Logic,8,40,4,0,0,0,1,0,0,0,0.15,0,0.15257047750791700,-0.36369787368015400,0
51,Spring 2015,4,clusterFour,Co-Creation in Government,Francis Gouillart; Tina Hallett;,Spring 2015,"2015: 13, 2",EXEMPLAR,Case Study,Spring 2015,1,2015,13,2,9,Design,3,Collect,31,Case Study,10,121,3,0,0,1,0,0,0,0.15,0,0,0.12564716255583600,-0.09028962080340610,0
52,Winter 2011,4,clusterFour,Collective Impact,John Kania; Mark Kramer;,Winter 2011,"2011: 9, 1",EXEMPLAR,Case Study,Winter 2011,1,2011,9,1,7,Design,3,Combine,32,Case Study,5,229,3,0,0,1,0,0,0,0.15,0,0,0.246341332542539,0.14903415406306700,0
54,Spring 2016,4,clusterFour,Community Engagement Matters,Melody Barnes; Paul Schmitz;,Spring 2016,"2016: 14, 2",EXEMPLAR,Case Study,Spring 2016,1,2016,14,2,9,Advocacy,4,Ratify,42,Case Study,13,,4,0,0,0,1,0,0,0,0.15,0,0.5142656592169980,0.0269638870774619,0
64,Winter 2008,4,clusterFour,Cultivate Your Ecosystem,Paul N Bloom; J Gregory Dees;,Winter 2008,"2008: 6, 1",EXEMPLAR,Case Study,Winter 2008,1,2008,6,1,9,Advocacy,4,Frame,41,Case Study,0,,4,0,0,0,1,0,0,0,0.15,0,-0.05685921158653930,-0.18173685483255000,0
68,Summer 2003,4,clusterFour,Debunking Charitable Choice ,Mark Chaves;,Summer 2003,"2003: 1, 2",,Reporting,Summer 2003,1,2003,1,2,10,Advocacy,4,Ratify,42,Reporting,0,131,4,0,0,0,1,0,0,0,0.15,0,-0.20295122482317400,0.030319314749263200,0
111,Fall 2005,4,clusterFour,Imagining a Democracy,Mark McNamara;,Fall 2005,"2005: 3, 3",EXEMPLAR,Reporting,Fall 2005,1,2005,3,3,9,Advocacy,4,Ratify,42,Reporting,0,6,4,0,0,0,1,0,0,0,0.15,0,0.09792329749009070,-0.2702542253416050,0
133,Summer 2004,4,clusterFour,Making Change,Mayer N Zald;,Summer 2004,"2004: 2, 1",,Case Study,Summer 2004,1,2004,2,1,12,Advocacy,4,Frame,41,Case Study,0,135,4,0,0,0,1,0,0,0,0.15,0,-0.28393943467581700,-0.059675360976769500,0
156,Summer 2014,4,clusterFour,Philanthropy in a Time of Polarization,Steven Teles; Heather Hurlburt; Mark Schmitt;,Summer 2014,"2014: 12, 3",EXEMPLAR,Reporting,Summer 2014,1,2014,12,3,7,Advocacy,4,Ratify,42,Reporting,3,187,4,0,0,0,1,0,0,0,0.15,0,0.3155930289440810,0.13487780552900700,0
199,Summer 2017,4,clusterFour,The Chinese Collectivist Model of Charity,Christopher Marquis; Qi Li; Kunyuan Qiao;,Summer 2017,"2017: 15, 3",EXEMPLAR,Interviews,Summer 2017,1,2017,15,3,7,Finance,2,Invest,21,Interviews,0,,2,0,1,0,0,0,0,0,0,0,-0.1633005942606900,-0.25766918331841900,0.3
200,Spring 2018,4,clusterFour,The Civic Science Imperative,Elizabeth Good Christopherson; Bietram A. Schuefele; Brooke Smith;,Spring 2018,"2018: 16,2",,Logic,Spring 2018,1,2018,16,2,7,Advocacy,4,Frame,41,Logic,5,,4,0,0,0,1,0,0,0,0.15,0,0.178915584953671,-0.10012650406592800,0
202,Winter 2017,4,clusterFour,The Curb-Cut Effect,Angla Glover Blackwell;,Winter 2017,"2017: 15, 1",EXEMPLAR,Reporting,Winter 2017,1,2017,15,1,5,Advocacy,4,Ratify,42,Reporting,0,,4,0,0,0,1,0,0,0,0.15,0,0.058197245574599100,-0.39954512125877100,0
206,Winter 2016,4,clusterFour,The Emergence of Subversive Charities in China,Christopher Marquis; Yanhua Zhou; Zoe Yang;,Winter 2016,"2016: 14, 1",EXEMPLAR,Interviews,Winter 2016,1,2016,14,1,7,Finance,2,Prospect,22,Interviews,0,257,2,0,1,0,0,0,0,0,0,0,-0.11148807358422700,-0.17500957523253100,0.3
215,Spring 2006,4,clusterFour,The Hidden Cost of Paradise,Mark Dowie;,Spring 2006,"2006: 4, 1",,Reporting,Spring 2006,1,2006,4,1,10,Advocacy,4,Frame,41,Reporting,0,80,4,0,0,0,1,0,0,0,0.15,0,-0.12573686337502200,-0.14055409228297800,0
218,Spring 2010,4,clusterFour,The Ingredients of Growth,David H Brady; Michael Spence;,Spring 2010,"2010: 8, 2",,Case Study,Spring 2010,1,2010,8,2,7,Advocacy,4,Ratify,42,Case Study,0,98,4,0,0,0,1,0,0,0,0.15,0,-0.5977261015131630,-0.31399728998399200,0
265,Summer 2015,4,clusterFour,Time for the Plural Sector,Henry Mintzberg;,Summer 2015,"2015: 13, 3",EXEMPLAR,Logic,Summer 2015,1,2015,13,3,7,Advocacy,4,Ratify,42,Logic,0,192,4,0,0,0,1,0,0,0,0.15,0,-0.6345022066396910,-0.13443764931151500,0
281,Fall 2010,4,clusterFour,What Civil Society Needs,Bruce Sievers;,Fall 2010,"2010: 8, 4",EXEMPLAR,Reporting,Fall 2010,1,2010,8,4,7,Advocacy,4,Ratify,42,Reporting,0,33,4,0,0,0,1,0,0,0,0.15,0,0.13289287603509700,-0.3245941934829920,0
9,Fall 2014,5,clusterFive,A New Vision for Funding Science,Sarah Kearney; Fiona Murray; Matthew Nordan;,Fall 2014,"2014: 12, 4",EXEMPLAR,Case Study,Fall 2014,1,2014,12,4,7,Finance,2,Invest,21,Case Study,8,48,2,0,1,0,0,0,0,0,0,0,-0.4415579883549160,0.15445506693373700,0.3
16,Winter 2017,5,clusterFive,Across the Returns Continuum,Matt Bannick; Paula Goldman; Michael Kubzansky; Yasemin Saltuk,Winter 2017,"2017: 15, 1",EXEMPLAR,Reporting,Winter 2017,1,2017,15,1,17,Finance,2,Invest,21,Reporting,0,,2,0,1,0,0,0,0,0,0,0,-0.557612186652753,-0.022206154108415100,0.3
34,Winter 2009,5,clusterFive,Calculated Impact,Paul Brest; Hal Harvey; Kelvin Low;,Winter 2009,"2009: 7, 1",,Case Study,Winter 2009,1,2009,7,1,8,Finance,2,Invest,21,Case Study,0,219,2,0,1,0,0,0,0,0,0,0,-0.5779769908646700,0.22562278597509700,0.3
50,Winter 2013,5,clusterFive,Closing the Pioneer Gap,Sasha Dichter; Robert Katz; Harvey Koh; Ashish Karamchandani;,Winter 2013,"2013: 11, 1",EXEMPLAR,Interviews,Winter 2013,1,2013,11,1,9,Deliver,5,Scale,51,Interviews,4,240,5,0,0,0,0,1,0,0,0,0.15,-0.5076573678565340,0.030400678011101200,0
62,Summer 2014,5,clusterFive,Creative Financing for Social Enterprise,Dana Brakman Reiser; Steven A Dean;,Summer 2014,"2014: 12, 3",,Logic,Summer 2014,1,2014,12,3,6,Finance,2,Invest,21,Logic,0,185,2,0,1,0,0,0,0,0,0,0,-0.526555218236096,-0.08442162384238910,0.3
87,Fall 2011,5,clusterFive,Finding Your Funding Model,Peter Kim; Gail Perreault; William Foster;,Fall 2011,"2011: 9, 4",,Case Study,Fall 2011,1,2011,9,4,7,Finance,2,Prospect,22,Case Study,4,35,2,0,1,0,0,0,0,0,0,0,-0.49021187308934400,0.3807069842361900,0.3
147,Fall 2008,5,clusterFive,Money to Grow On,William Foster;,Fall 2008,"2008: 6, 4",,Case Study,Fall 2008,1,2008,6,4,7,Finance,2,Invest,21,Case Study,7,21,2,0,1,0,0,0,0,0,0,0,-0.37780502842519100,0.4148589805487000,0.3
152,Spring 2016,5,clusterFive,New Approaches to Ed-Tech Funding,Julie Petersen; Shauntel Poulson;,Spring 2016,"2016: 14, 2",,Case Study,Spring 2016,1,2016,14,2,9,Finance,2,Prospect,22,Case Study,0,,2,0,1,0,0,0,0,0,0,0,0.10599518216863300,0.5389202494635270,0.3
161,Fall 2007,5,clusterFive,Private Equity Public Good,Beth Sirull;,Fall 2007,"2007: 5, 4",,Reporting,Fall 2007,1,2007,5,4,9,Finance,2,Prospect,22,Reporting,0,17,2,0,1,0,0,0,0,0,0,0,-0.6506160376661910,0.08835214335390210,0.3
195,Spring 2009,5,clusterFive,Ten Nonprofit Funding Models,William Landes Foster; Peter Kim; Barbara Christiansen;,Spring 2009,"2009: 7, 2",,Comparative case study,Spring 2009,1,2009,7,2,9,Finance,2,Prospect,22,Comparative case study,0,94,2,0,1,0,0,0,0,0,0,0,-0.46858505429475700,0.16242403584895500,0.3
209,Spring 2008,5,clusterFive,The Funding Gap,Michael Chertok; Jeff Hamaoui: Eliot Jamison;,Spring 2008,"2008: 6, 2",EXEMPLAR ,Reporting,Spring 2008,1,2008,6,2,9,Finance,2,Prospect,22,Reporting,0,87,2,0,1,0,0,0,0,0,0,0,-0.4061452573813770,0.20440795526496900,0.3
214,Summer 2013,5,clusterFive,The Growth of European Venture Philanthropy,Lenora Buckland; Lisa Hehenberger; Michael Hay;,Summer 2013,"2013: 11, 3",,Reporting,Summer 2013,1,2013,11,3,9,Finance,2,Prospect,22,Reporting,0,181,2,0,1,0,0,0,0,0,0,0,-0.3251133928631550,0.12710185292953500,0.3
219,Winter 2018,5,clusterFive,The Investment Gap That Threatens the Planet,Scott P. Burger; Fiona Murray; Sarah Kearney; and Liquian Ma;,Winter 2018,"2018: 16,1",,Reporting,Winter 2018,1,2018,16,1,7,Finance,2,Invest,21,Reporting,,,2,0,1,0,0,0,0,0,0,0,-0.6315568405067610,0.037794261435800700,0.3
221,Fall 2011,5,clusterFive,The Missing Link in School Reform,Carrie R Leana;,Fall 2011,"2011: 9, 4",,Interviews,Fall 2011,1,2011,9,4,7,Explore,1,Map,12,Interviews,0,37,1,1,0,0,0,0,0.15,0,0,0,0.3757321124939840,-0.4281659366124990,0
239,Fall 2007,5,clusterFive,The Power of Strategic Mission Investing,Mark R Kramer; Sarah E Cooch;,Fall 2007,"2007: 5, 4",EXEMPLAR,Case Study,Fall 2007,1,2007,5,4,10,Finance,2,Invest,21,Case Study,0,18,2,0,1,0,0,0,0,0,0,0,-0.5983901664731100,0.3264079351244410,0.3
250,Fall 2014,5,clusterFive,The Rise of Gender Capitalism,Sarah Kaplan; Jackie VanderBrug;,Fall 2014,"2014: 12, 4",,Logic,Fall 2014,1,2014,12,4,7,Finance,2,Invest,21,Logic,7,52,2,0,1,0,0,0,0,0,0,0,-0.4318249601238150,-0.058754797936859800,0.3
251,Winter 2012,5,clusterFive,The Rise of Social Capital Market Intermediaries,Bill Meehan; Kim Jonker;,Winter 2012,"2012: 10, 1",EXEMPLAR,Reporting,Winter 2012,1,2012,10,1,7,Finance,2,Invest,21,Reporting,0,238,2,0,1,0,0,0,0,0,0,0,-0.1638461946555240,0.22567217523874500,0.3
268,Winter 2017,5,clusterFive,Toward the Efficient Impact Frontier,Michael McCreless;,Winter 2017,"2017: 15, 1",EXEMPLAR,Case Study,Winter 2017,1,2017,15,1,5,Finance,2,Invest,21,Case Study,0,,2,0,1,0,0,0,0,0,0,0,0.046219231528442100,0.6695890406683410,0.3
58,Summer 2017,6,clusterSix,Creating Breakout Innovation,Joanna Levitt Cea; Jess Rimington,Summer 2017,"2017: 15, 3",,Logic,Summer 2017,1,2017,15,3,8,Design,3,Combine,32,Logic,5,,3,0,0,1,0,0,0,0.15,0,0,0.48807743446087700,0.0324800670033027,0
70,Winter 2010,6,clusterSix,Design Thinking for Social Innovation,Tim Brown; Jocelyn Wyatt;,Winter 2010,"2010: 8, 1",EXEMPLAR,Logic,Winter 2010,1,2010,8,1,7,Design,3,Combine,32,Logic,9,225,3,0,0,1,0,0,0,0.15,0,0,0.5955623412948470,-0.30647475945787100,0
74,Winter 2011,6,clusterSix,Disseminating Orphan Innovations,Susan H Evans; Peter Clarke;,Winter 2011,"2011: 9, 1",EXEMPLAR,Case Study,Winter 2011,1,2011,9,1,7,Deliver,5,Disrupt,52,Case Study,8,230,5,0,0,0,0,1,0,0,0,0.15,0.523789037055905,0.08123634679340200,0
115,Fall 2012,6,clusterSix,Innovation Is Not the Holy Grail,Christian Seelos; Johanna Mair;,Fall 2012,"2012: 10, 4",EXEMPLAR,Reporting,Fall 2012,1,2012,10,4,7,Explore,1,Call,11,Reporting,7,41,1,1,0,0,0,0,0.15,0,0,0,0.6782996764397440,0.036158414769212200,0
120,Winter 2016,6,clusterSix,Leading Change Through Adaptive Design,Maya Bernstein; Marty Linsky;,Winter 2016,"2016: 14, 1",EXEMPLAR,Case Study,Winter 2016,1,2016,14,1,9,Design,3,Combine,32,Case Study,0,255,3,0,0,1,0,0,0,0.15,0,0,0.5702263040869760,-0.23951724886475900,0
139,Spring 2014,6,clusterSix,Meeting the Challenges of Global Health,Lyn Denend; Amy Lockwood; Michele Barry; Stefanos Zenios;,Spring 2014,"2014: 12, 2",,Case study,Spring 2014,1,2014,12,2,7,Explore,1,Map,12,Case study,7,116,1,1,0,0,0,0,0.15,0,0,0,0.42464282290931900,-0.30582320164495200,0
160,Summer 2009,6,clusterSix,Platforms for Collaboration,Satish Nambisan;,Summer 2009,"2009: 7, 3",EXEMPLAR,Case Study,Summer 2009,1,2009,7,3,7,Design,3,Collect,31,Case Study,18,161,3,0,0,1,0,0,0,0.15,0,0,0.4558018327999690,-0.0453865518605485,0
169,Fall 2008,6,clusterSix,Rediscovering Social Innovation,James A Phills Jr; Kriss Deiglmeier; Dale T Miller;,Fall 2008,"2008: 6, 4",EXEMPLAR,Reporting,Fall 2008,1,2008,6,4,11,Explore,1,Call,11,Reporting,0,22,1,1,0,0,0,0,0.15,0,0,0,0.3829505665785450,-0.01172202720881690,0
177,Fall 2017,6,clusterSix,Scaling Science,John Gargaini; Robert McClean;,Fall 2017,"2017: 15, 4",,Logic,Fall 2017,1,2017,15,3,6,Deliver,5,Scale,51,Logic,,,5,0,0,0,0,1,0,0,0,0.15,0.6810735207953380,0.21045801950613000,0
178,Spring 2004,6,clusterSix,Scaling Social Impact,Gregory Dees; Beth Battle Anderson;,Spring 2004,"2004: 1, 4",EXEMPLAR,Case Study,Spring 2004,1,2004,1,4,,Deliver,5,Scale,51,Case Study,5,,5,0,0,0,0,1,0,0,0,0.15,0.39167914841197700,0.0721127631443314,0
186,Winter 2014,6,clusterSix,Social Innovation from the Inside Out,Warren Nilsson; Tana Paddock;,Winter 2014,"2014: 12, 1",EXEMPLAR,Logic,Winter 2014,1,2014,12,1,8,Design,3,Collect,31,Logic,6,247,3,0,0,1,0,0,0,0.15,0,0,0.4269310007997280,0.006841608636506400,0
225,Spring 2017,6,clusterSix,The New Science of Designing for Humans,Piyush Tantia,Spring 2017,"2017: 15, 2",EXEMPLAR,Logic,Spring 2017,1,2017,15,2,4,Design,3,Combine,32,Logic,3,,3,0,0,1,0,0,0,0.15,0,0,0.5734092401151890,-0.27761241193803200,0
247,Spring 2014,6,clusterSix,The Re-Emerging Art of Funding Innovation,Gabriel Kasper; Justin Marcoux;,Spring 2014,"2014: 12, 2",EXEMPLAR,Case Study,Spring 2014,1,2014,12,2,9,Deliver,5,Scale,51,Case Study,8,,5,0,0,0,0,1,0,0,0,0.15,0.582570084397337,0.18654595236250300,0
274,Summer 2013,6,clusterSix,Unleashing Breakthrough Innovation in Government,Nikhil R Sahni; Maxwell Wessel; Clayton M Christensen;,Summer 2013,"2013: 11, 3",,Case study,Summer 2013,1,2013,11,3,7,Explore,1,Call,11,Case study,9,182,1,1,0,0,0,0,0.15,0,0,0,0.5556444762116360,-0.05531002168987240,0
284,Fall 2016,6,clusterSix,When Innovation Goes Wrong,Christian Seelos; Johanna Mair;,Fall 2016,"2016: 14, 4",EXEMPLAR,Logic,Fall 2016,1,2016,14,4,8,Design,3,Combine,32,Logic,13,61,3,0,0,1,0,0,0,0.15,0,0,0.6554901164156310,0.04853865380801190,0
85,Spring 2005,7,clusterSeven,Failing to Govern,Michael Klausner; Jonathan Small;,Spring 2005,"2005: 3, 1",,Logic,Spring 2005,1,2005,3,1,9,Explore,1,Map,12,Logic,0,,1,1,0,0,0,0,0.15,0,0,0,-0.18691647199066700,0.7061125789049920,0
92,Fall 2010,7,clusterSeven,Freeing the Social Entrepreneur,Chantal Laurie Below; Kimberly Dasher Tripp;,Fall 2010,"2010: 8, 4",EXEMPLAR,Interviews,Fall 2010,1,2010,8,4,6,Deliver,5,Scale,51,Interviews,5,31,5,0,0,0,0,1,0,0,0,0.15,0.29834787736345300,0.42307918555944000,0
134,Spring 2018,7,clusterSeven,Making Founder Successions Work,Jari Tuomala; Donald Yeh; Katie Smith Milway;,Spring 2018,"2018: 16,2",EXEMPLAR,Interviews,Spring 2018,1,2018,16,2,7,Deliver,5,Disruption,52,Interviews,4,,5,0,0,0,0,1,0,0,0,0.15,0.14820808202419200,0.5803204305580880,0
145,Summer 2009,7,clusterSeven,Mission-Driven Governance,Raymond Fisman; Rakesh Khurana; Edward Martenson;,Summer 2009,"2009: 7, 3",,Case Study,Summer 2009,1,2009,7,3,9,Explore,1,Map,12,Case Study,5,160,1,1,0,0,0,0,0.15,0,0,0,0.2313447718349570,0.5646401714743780,0
260,Summer 2015,7,clusterSeven,The Wall Street Takeover of Nonprofit Boards,Garry W Jenkins;,Summer 2015,"2015: 13, 3",EXEMPLAR,Case Study,Summer 2015,1,2015,13,3,8,Explore,1,Map,12,Case Study,0,,1,1,0,0,0,0,0.15,0,0,0,-0.2503543081965950,0.6029955943587840,0
288,Spring 2014,7,clusterSeven,Why Nonprofit Mergers Continue to Lag,Katie Smith Milway; Maria Orozco; Cristina Botero;,Spring 2014,"2014: 12, 2",,Logic,Spring 2014,1,2014,12,2,8,Deliver,5,Scale,51,Logic,3,119,5,0,0,0,0,1,0,0,0,0.15,-0.08387197117066180,0.4533137161844620,0
5,Summer 2007,8,clusterEight,A New Era for Business,Scott C Beardsley; Sheila Bonini; Lenny Mendonca; Jeremy Oppenheim;,Summer 2007,"2007: 5, 3",,Reporting,Summer 2007,1,2007,5,3,8,Finance,2,Prospect,22,Reporting,9,149,2,0,1,0,0,0,0,0,0,0,-0.3728754073641330,-0.4392875536701390,0.3
14,Summer 2011,8,clusterEight,Achieving Sustainability Through Integrated Reporting,Robert G Eccles; Daniela Saltzman;,Summer 2011,"2011: 9, 3",,Case study,Summer 2011,1,2011,9,3,7,Advocacy,4,Ratify,42,Case study,0,,4,0,0,0,1,0,0,0,0.15,0,-0.46963721117040200,-0.47302515309202300,0
18,Fall 2004,8,clusterEight,An Accidental Good,Doug Guthrie;,Fall 2004,"2004: 2, 2",,Case study,Fall 2004,1,2004,2,2,10,Advocacy,4,Ratify,42,Case study,0,1,4,0,0,0,1,0,0,0,0.15,0,-0.3505500038719210,-0.10229085754056400,0
24,Spring 2004,8,clusterEight,Best of Breed,Philip Kotler; Nancy Lee;,Spring 2004,"2004: 1, 4",EXEMPLAR,Case study,Spring 2004,1,2004,1,4,11,Advocacy,4,Frame,41,Case study,0,68,4,0,0,0,1,0,0,0,0.15,0,-0.30253734803707300,-0.30235454156999600,0
44,Spring 2006,8,clusterEight,Changing the Game,Mark Kramer; John Kania;,Spring 2006,"2006: 4, 1",,Case Study,Spring 2006,1,2006,4,1,9,Finance,2,Prospect,22,Case Study,4,78,2,0,1,0,0,0,0,0,0,0,-0.3593159550629870,-0.016487242692474000,0.3
55,Winter 2012,8,clusterEight,Connecting Heart to Head,Ram Nidumolu; Kevin Kramer; Jochen Zeitz;,Winter 2012,"2012: 10, 1",,Case Study,Winter 2012,1,2012,10,1,7,Finance,2,Prospect,22,Case Study,9,,2,0,1,0,0,0,0,0,0,0,-0.20282477943078000,-0.6150423081555020,0.3
61,Spring 2009,8,clusterEight,Creating Social Value,Philip Auerswald;,Spring 2009,"2009: 7, 2",EXEMPLAR,Logic,Spring 2009,1,2009,7,2,7,Explore,1,Call,11,Logic,0,91,1,1,0,0,0,0,0.15,0,0,0,-0.05953841759894160,-0.5060085550326720,0
65,Fall 2008,8,clusterEight,Cultivating the Green Consumer,Sheila Bonini; Jeremy Oppenheim;,Fall 2008,"2008: 6, 4",,Interviews,Fall 2008,1,2008,6,4,7,Finance,2,Prospect,22,Interviews,5,19,2,0,1,0,0,0,0,0,0,0,-0.2525211618360620,-0.5040237608995180,0.3
71,Summer 2005,8,clusterEight,Developing Native Capability,Stuart L Hart; Ted London;,Summer 2005,"2005: 3, 2",,Reporting,Summer 2005,1,2005,3,2,7,Finance,2,Prospect,22,Reporting,0,141,2,0,1,0,0,0,0,0,0,0,-0.15640680839727200,-0.3307040689487180,0.3
76,Fall 2017,8,clusterEight,Do Benefit Corporations Respect Human Rights?,Joanne Bauer; Elizabeth Umlas,Fall 2017,"2017: 15, 4",EXEMPLAR,Case Study,Fall 2017,1,2017,15,3,7,Finance,2,Prospect,22,Case Study,,,2,0,1,0,0,0,0,0,0,0,-0.49629049763238000,-0.35274475689929600,0.3
81,Spring 2015,8,clusterEight,Empowering Women at the Grassroots,Marissa Wesely; Dina Dublon;,Spring 2015,"2015: 13, 2",,Case Study,Spring 2015,1,2015,13,2,9,Finance,2,Prospect,22,Case Study,4,123,2,0,1,0,0,0,0,0,0,0,-0.21278609634117200,-0.16035898157984800,0.3
83,Fall 2016,8,clusterEight,Engaging Employees to Create a Sustainable Business,Paul Polman; CB Bhattacharya;,Fall 2016,"2016: 14, 4",,Reporting,Fall 2016,1,2016,14,4,7,Deliver,5,Disrupt,52,Reporting,8,,5,0,0,0,0,1,0,0,0,0.15,-0.32542226491016200,-0.6230214645567680,0
95,Winter 2008,8,clusterEight,Getting Human Rights Right,Jenik Radon; Margo Tatgenhorst Drakos; Tarek Farouk Maassarani;,Winter 2008,"2008: 6, 1",EXEMPLAR,Reporting,Winter 2008,1,2008,6,1,7,Finance,2,Prospect,22,Reporting,5,216,2,0,1,0,0,0,0,0,0,0,-0.485197967599983,-0.3303143197878440,0.3
99,Spring 2003,8,clusterEight,Going Head to Head,David P Baron;,Spring 2003,"2003: 1, 1",EXEMPLAR,Case Study,Spring 2003,1,2003,1,1,9,Finance,2,Invest,21,Case Study,0,64,2,0,1,0,0,0,0,0,0,0,-0.2537074910462550,-0.3771340725973350,0.3
116,Winter 2014,8,clusterEight,Inside the Buy-One Give-One Model,Christopher Marquis; Andrew Park;,Winter 2014,"2014: 12, 1",EXEMPLAR,Reporting,Winter 2014,1,2014,12,1,7,Finance,2,Prospect,22,Reporting,3,,2,0,1,0,0,0,0,0,0,0,-0.3540488903171970,-0.5595272730469330,0.3
127,Winter 2009,8,clusterEight,Lobbying for Good,Kyle Peterson; Marc Pfitzer;,Winter 2009,"2009: 7, 1",EXEMPLAR,Case Study,Winter 2009,1,2009,7,1,7,Advocacy,4,Ratify,42,Case Study,0,221,4,0,0,0,1,0,0,0,0.15,0,-0.36512952419829700,-0.3273520857937070,0
153,Spring 2009,8,clusterEight,Offsetting Green Guilt,Matthew J Kotchen;,Spring 2009,"2009: 7, 2",,Reporting,Spring 2009,1,2009,7,2,7,Finance,2,Prospect,22,Reporting,0,92,2,0,1,0,0,0,0,0,0,0,-0.43515843808020700,-0.2588459252384810,0.3
154,Winter 2007,8,clusterEight,One Buyer at a Time,James T Riordan;,Winter 2007,"2007: 5, 1",,Case study,Winter 2007,1,2007,5,1,9,Finance,2,Prospect,22,Case study,0,211,2,0,1,0,0,0,0,0,0,0,-0.16954643224128700,-0.41751905805293600,0.3
155,Winter 2003,8,clusterEight,Partnerships for Learning,Ted London; Dennis Rondinelli;,Winter 2003,"2003: 1, 3",,Interviews,Winter 2003,1,2003,1,3,9,Finance,2,Prospect,22,Interviews,0,197,2,0,1,0,0,0,0,0,0,0,-0.40609875841308000,-0.00842734864853392,0.3
157,Summer 2005,8,clusterEight,Philanthropy Inc.,Keith Epstein;,Summer 2005,"2005: 3, 2",,Reporting,Summer 2005,1,2005,3,2,9,Finance,2,Invest,21,Reporting,0,143,2,0,1,0,0,0,0,0,0,0,-0.39046702958328700,-0.14345148183278400,0.3
158,Spring 2011,8,clusterEight,Picking Green Tech's Winners and Losers,"Clayton M Christensen; Suman ""Shuman"" Talukdar; Richard Alton; Michael B Horn;",Spring 2011,"2011: 9, 2",,Logic,Spring 2011,1,2011,9,2,7,Explore,1,Map,12,Logic,0,,1,1,0,0,0,0,0.15,0,0,0,0.6013649662763160,-0.2562299566475380,0
164,Fall 2009,8,clusterEight,Public-Private Alliances Transform Aid,Andrew S Natsios;,Fall 2009,"2009: 7, 4",,Case Study,Fall 2009,1,2009,7,4,7,Finance,2,Prospect,22,Case Study,4,26,2,0,1,0,0,0,0,0,0,0,-0.3695600943987890,-0.17200664930774900,0.3
181,Spring 2009,8,clusterEight,Shades of Green,Andrew J Hoffman;,Spring 2009,"2009: 7, 2",,Interviews,Spring 2009,1,2009,7,2,11,Advocacy,4,Frame,41,Interviews,4,93,4,0,0,0,1,0,0,0,0.15,0,-0.5847791555558530,-0.21244222310128400,0
187,Fall 2011,8,clusterEight,Sourcing Locally for Impact,Ethan B Kapstein; Ren√© Kim;,Fall 2011,"2011: 9, 4",,Case Study,Fall 2011,1,2011,9,4,7,Finance,2,Prospect,22,Case Study,0,36,2,0,1,0,0,0,0,0,0,0,-0.31429996328554400,-0.3588466675100160,0.3
216,Summer 2009,8,clusterEight,The Hidden Costs of Cause Marketing,Angela M Eikenberry;,Summer 2009,"2009: 7, 3",EXEMPLAR,Theory,Summer 2009,1,2009,7,3,7,Finance,2,Prospect,22,Theory,0,162,2,0,1,0,0,0,0,0,0,0,-0.3051939780089800,-0.26320173317527400,0.3
217,Winter 2015,8,clusterEight,The Hidden Pitfalls of Inclusive Innovation,Raghav Narsalay; Leandro Pongeluppe; David Light;,Winter 2015,"2015: 13, 1",,Case Study,Winter 2015,1,2015,13,1,7,Explore,1,Map,12,Case Study,5,252,1,1,0,0,0,0,0.15,0,0,0,-0.21079555896266600,-0.23582800474962700,0
222,Fall 2005,8,clusterEight,The Myth of CSR,Deborah Doane;,Fall 2005,"2005: 3, 3",EXEMPLAR,Reporting,Fall 2005,1,2005,3,3,9,Finance,2,Invest,21,Reporting,0,8,2,0,1,0,0,0,0,0,0,0,-0.39655870455074700,-0.31495479354143600,0.3
224,Fall 2015,8,clusterEight,The New Face of Corporate Activism,Gerald F Davis; Christopher J White;,Fall 2015,"2015: 13, 4",EXEMPLAR,Logic,Fall 2015,1,2015,13,4,7,Finance,2,Prospect,22,Logic,4,,2,0,1,0,0,0,0,0,0,0,-0.4014120625099720,-0.42231930250400400,0.3
227,Spring 2018,8,clusterEight,The Next Phase of Business Sustainability,Andrew J. Hoffman;,Spring 2018,"2018: 16,2",,Reporting,Spring 2018,1,2018,16,2,5,Finance,2,Prospect,42,Reporting,,,2,0,1,0,0,0,0,0,0,0,-0.2674574454398380,-0.3575164186684750,0.3
230,Fall 2006,8,clusterEight,The Other CSR,Timothy M Devinney; Patrice Auger; Giana Eckhardt; Thomas Birtchnell;,Fall 2006,"2006: 4, 3",EXEMPLAR,Logic,Fall 2006,1,2006,4,3,8,Finance,2,Prospect,22,Logic,5,13,2,0,1,0,0,0,0,0,0,0,-0.12494266805636000,-0.5503688986122760,0.3
249,Winter 2008,8,clusterEight,The Responsibility Paradox,Gerald F Davis; Marina VN Whitman; Mayer Zald;,Winter 2008,"2008: 6, 1",,Reporting,Winter 2008,1,2008,6,1,9,Finance,2,Prospect,22,Reporting,0,218,2,0,1,0,0,0,0,0,0,0,-0.44074182642903400,-0.3548497836578690,0.3
259,Fall 2012,8,clusterEight,The Truth About Ben and Jerry's,Antony Page; Robert A Katz;,Fall 2012,"2012: 10, 4",,Logic,Fall 2012,1,2012,10,4,7,Finance,2,Prospect,22,Logic,0,,2,0,1,0,0,0,0,0,0,0,-0.5597375639573450,-0.3277986525600760,0.3
263,Spring 2016,8,clusterEight,There is No Such Thing as a Green Product,Trevor Zink; Roland Guyer;,Spring 2016,"2016: 14, 2",,Theory,Spring 2016,1,2016,14,2,7,Finance,2,Prospect,22,Theory,0,,2,0,1,0,0,0,0,0,0,0,-0.23176843874888000,-0.7150005943343230,0.3
264,Summer 2010,8,clusterEight,Thinking Straight About Sustainability,Marc J Epstein;,Summer 2010,"2010: 8, 3",EXEMPLAR,Interviews,Summer 2010,1,2010,8,3,7,Finance,2,Prospect,22,Interviews,0,167,2,0,1,0,0,0,0,0,0,0,-0.35549618920201900,-0.44552567227022800,0.3
277,Spring 2015,8,clusterEight,Using Economic Forces to Conserve Nature,John Reid; Aaron Bruner; Alfonso Malky;,Spring 2015,"2015: 13, 2",EXEMPLAR,Logic,Spring 2015,1,2015,13,2,7,Design,3,Collect,31,Logic,0,124,3,0,0,1,0,0,0,0.15,0,0,-0.3718170686796500,-0.267683593229923,0
0,Summer 2012,9,clusterNine,A Big Deal for Conservation,Larry Linden; Steve McCormick; Ivan Barkhorn; Roger Ullman; Guillermo Castilleja; Dan Winterson; Lee Green;,Summer 2012,"2012: 10, 3",EXEMPLAR,Reporting,Summer 2012,1,2012,10,3,9,Design,3,Collect,31,Reporting,15,,3,0,0,1,0,0,0,0.15,0,0,-0.4661964954344310,0.10711841080981200,0
1,Spring 2012,9,clusterNine,A Decade of Outcome-Oriented Philanthropy,Paul Brest;,Spring 2012,"2012: 10, 2",EXEMPLAR,Case Study,Spring 2012,1,2012,10,2,7,Finance,2,Invest,21,Case Study,0,,2,0,1,0,0,0,0,0,0,0,0.02807133891095510,0.239436568465938,0.3
86,Spring 2003,9,clusterNine,Filling the Performance Gap,Christine W Letts; William P Ryan;,Spring 2003,"2003: 1, 1",,Interviews,Spring 2003,1,2003,1,1,9,Finance,2,Invest,21,Interviews,3,63,2,0,1,0,0,0,0,0,0,0,0.07972375156299450,0.4313058416687730,0.3
96,Winter 2012,9,clusterNine,Giving 2.0: Getting Together to Give,Laura Arrillaga-Andreessen;,Winter 2012,"2012: 10, 1",EXEMPLAR,Reporting,Winter 2012,1,2012,10,1,7,Finance,2,Prospect,22,Reporting,0,,2,0,1,0,0,0,0,0,0,0,0.025485812153011000,0.3116209227247570,0.3
105,Spring 2013,9,clusterNine,High Stakes Donor Collaborations,Willa Seldon; Thomas J Tierney; Gihani Fernando;,Spring 2013,"2013: 11, 2",EXEMPLAR,Case Study,Spring 2013,1,2013,11,2,7,Finance,2,Invest,21,Case Study,6,113,2,0,1,0,0,0,0,0,0,0,0.08629007428473960,0.22121215072174800,0.3
107,Fall 2016,9,clusterNine,How Grantmaking Can Create Adaptive Organizations,Douglas Easterling;,Fall 2016,"2016: 14, 4",,Logic,Fall 2016,1,2016,14,4,9,Finance,2,Invest,21,Logic,5,59,2,0,1,0,0,0,0,0,0,0,0.24094814513864200,0.47528178361274100,0.3
119,Winter 2004,9,clusterNine,Leading Boldly,Ronald A Heifetz; John V Kania; Mark R Kramer;,Winter 2004,"2004: 2, 3",EXEMPLAR,Case Study,Winter 2004,1,2004,2,3,13,Finance,2,Invest,21,Case Study,6,203,2,0,1,0,0,0,0,0,0,0,-0.35475385468188400,0.38472254666923200,0.3
125,Spring 2011,9,clusterNine,Letting Go,Kristi Kimball; Malka Kopell;,Spring 2011,"2011: 9, 2",EXEMPLAR,Reporting,Spring 2011,1,2011,9,2,7,Finance,2,Invest,21,Reporting,0,103,2,0,1,0,0,0,0,0,0,0,0.1631167775339000,0.2600008468069730,0.3
126,Spring 2013,9,clusterNine,Listening to Those Who Matter Most the Beneficiaries,Fay Twersky; Phil Buchanan; Valerie Threlfall;,Spring 2013,"2013: 11, 2",EXEMPLAR,Case Study,Spring 2013,1,2013,11,2,7,Design,3,Collect,31,Case Study,0,,3,0,0,1,0,0,0,0.15,0,0,0.1771374546021170,0.3035592607651890,0
131,Spring 2007,9,clusterNine,Luck of the Draw,Kevin Bolduc; Phil Buchanan; Ellie Buteau;,Spring 2007,"2007: 5, 2",,Interviews,Spring 2007,1,2007,5,2,7,Explore,1,Call,11,Interviews,3,83,1,1,0,0,0,0,0.15,0,0,0,0.23333944088898400,0.6490772215730460,0
132,Winter 2016,9,clusterNine,Making Big Bets for Social Change,William Foster; Gail Perreault; Alison Powell; Chris Addy;,Winter 2016,"2016: 14, 1",EXEMPLAR,Case Study,Winter 2016,1,2016,14,1,11,Finance,2,Invest,21,Case Study,6,256,2,0,1,0,0,0,0,0,0,0,0.0375814225033987,0.4834837229932560,0.3
146,Summer 2004,9,clusterNine,Money Talk,John Healy; Paul Brest; Robert Joss; Michael Klausner;,Summer 2004,"2004: 2, 1",,Interviews,Summer 2004,1,2004,2,1,9,Explore,1,Call,11,Interviews,0,136,1,1,0,0,0,0,0.15,0,0,0,0.03696837924503810,0.5467689888341470,0
183,Winter 2003,9,clusterNine,Smart Money,Paul Brest;,Winter 2003,"2003: 1, 3",EXEMPLAR,Logic,Winter 2003,1,2003,1,3,11,Finance,2,Invest,21,Logic,3,198,2,0,1,0,0,0,0,0,0,0,0.018286691764333700,0.5883142372314590,0.3
196,Spring 2010,9,clusterNine,The Case for Stakeholder Engagement,Kathleen P Enright; Courtney Bourns;,Spring 2010,"2010: 8, 2",,Case Study,Spring 2010,1,2010,8,2,7,Design,3,Collect,31,Case Study,3,97,3,0,0,1,0,0,0,0.15,0,0,0.2737454725511710,0.36281805305176900,0
211,Summer 2016,9,clusterNine,The Future of Prize Philanthropy,Reyna Reed Wasson;,Summer 2016,"2016: 14, 3",EXEMPLAR,Reporting,Summer 2016,1,2016,14,3,8,Design,3,Collect,31,Reporting,0,193,3,0,0,1,0,0,0,0.15,0,0,0.25555373251070400,0.25527526805152900,0
240,Spring 2010,9,clusterNine,The Power of Theories of Change,Paul Brest;,Spring 2010,"2010: 8, 2",EXEMPLAR,Case Study,Spring 2010,1,2010,8,2,7,Finance,2,Invest,21,Case Study,0,99,2,0,1,0,0,0,0,0,0,0,0.338721137951234,0.22422302920918600,0.3
248,Spring 2005,9,clusterNine,The Reality Underneath the Buzz of Partnerships,Francie Ostrower;,Spring 2005,"2005: 3, 1",EXEMPLAR,Logic,Spring 2005,1,2005,3,1,30,Explore,1,Map,12,Logic,2,74,1,1,0,0,0,0,0.15,0,0,0,0.17244681381014500,0.4914151354408780,0
279,Spring 2005,9,clusterNine,War of Ideas,Andrew Rich;,Spring 2005,"2005: 3, 1",,Interviews,Spring 2005,1,2005,3,1,9,Advocacy,4,Ratify,42,Interviews,0,75,4,0,0,0,1,0,0,0,0.15,0,-0.466042233518399,0.4678638717331420,0
285,Spring 2003,9,clusterNine,When Time Isn't Money,Michael Klausner; Jonathan Small;,Spring 2003,"2003: 1, 1",,Logic,Spring 2003,1,2003,1,1,11,Finance,2,Invest,21,Logic,0,67,2,0,1,0,0,0,0,0,0,0,-0.5884114001621170,0.26855866626511300,0.3
286,Summer 2003,9,clusterNine,Where Money Meets Mission,Jed Emerson;,Summer 2003,"2003: 1, 2",EXEMPLAR,Reporting,Summer 2003,1,2003,1,2,11,Finance,2,Invest,21,Reporting,5,134,2,0,1,0,0,0,0,0,0,0,-0.5196386692977890,0.20449197929437000,0.3