ID,Issue ,newClusters,colorStyle,Issu1,Title,Authors,Year: VolumeIssueNumber,Year_x,Volume_x,Issue Number,Exemplar_x,PrimaryTool  ,PRIMARYTOOLCODE,PrimaryTask,PRIMARYTASKCODE,Method_x,type,task,explore,design,advocacy,deliver,call,map,invest,prospect,collect,combine,frame,ratify,scale,disrupt,xs,ys,Primary_ToolNew,Primary_Tool_Dummy,Primary_TaskNew,Primary_Task_Dummy
139,Spring 2014,8,clusterEight,Spring 2014,Meeting the Challenges of Global Health,Lyn Denend; Amy Lockwood; Michele Barry; Stefanos Zenios;,"2014: 12, 2",2014,12,2,,Explore,1,Map,12,Case study,1,12,0.15,0,0,0,0,0.05,0,0,0,0,0,0,0,0,-0.3078837424727265,0.11881892636119007,Explore,1,Map,12
122,Winter 2013,8,clusterEight,Winter 2013,Learning from Coca-Cola,Prashant Yadav; Orla Stapleton; Luk Van Wassenhove;,"2013: 11, 1",2013,11,1,EXEMPLAR,Design,3,Combine,32,Case study,3,32,0,0.15,0,0,0,0,0,0,0,0.1,0,0,0,0,-0.5955543037740249,0.30273126823426394,Design,3,Collect,31
167,Summer 2012,8,clusterEight,Summer 2012,Realigning Health with Care,Rebecca Onie; Paul Farmer; Heidi Behforouz;,"2012: 10, 3",2012,10,3,EXEMPLAR,Design,3,Combine,32,Logic,3,32,0,0.15,0,0,0,0,0,0,0,0.1,0,0,0,0,-0.6034762248994748,0.3725099094349644,Design,3,Combine,32
124,Winter 2014,8,clusterEight,Winter 2014,Lessons in Forging Global Change,Karliner; Cohen; Orris;,"2014: 12, 1",2014,12,1,,Advocacy,4,Frame,41,Reporting,4,41,0,0,0.15,0,0,0,0,0,0,0,0.2,0,0,0,-0.17382649795998073,-0.5911685129343592,Advocacy,4,Frame,41
210,Fall 2013,8,clusterEight,Fall 2013,The Future of Health Care Access,John A MacDonald; Anita M McGahan; Will Mitchell;,"2013: 11, 4",2013,11,4,EXEMPLAR,Design,3,Collect,31,Case Study,3,31,0,0.15,0,0,0,0,0,0,0.2,0,0,0,0,0,-0.20110230176522706,-0.6559290832941602,Deliver,5,Disrupt,52
274,Summer 2013,7,clusterSeven,Summer 2013,Unleashing Breakthrough Innovation in Government,Nikhil R Sahni; Maxwell Wessel; Clayton M Christensen;,"2013: 11, 3",2013,11,3,,Explore,1,Call,11,Case study,1,11,0.15,0,0,0,0.05,0,0,0,0,0,0,0,0,0,-0.3694531364759619,0.2143850499069401,Explore,1,Call,11
231,Winter 2014,7,clusterSeven,Winter 2014,The Paradox of Fair Trade,Manel Modelo;,"2014: 12, 1",2014,12,1,,Finance,2,Prospect,22,Logic,2,22,0,0,0,0,0,0,0,0.05,0,0,0,0,0,0,0.013959025053544332,-0.7866668938919908,Finance,2,Prospect,22
28,Summer 2014,7,clusterSeven,Summer 2014,Big Data for Social Innovation,Kevin C Desouza; Kendra L Smith;,"2014: 12, 3",2014,12,3,EXEMPLAR,Design,3,Collect,31,Logic,3,31,0,0.15,0,0,0,0,0,0,0.2,0,0,0,0,0,-0.6238062593528961,0.2856788100705792,Design,3,Collect,31
30,Summer 2013,7,clusterSeven,Summer 2013,Bottom-Up Solutions to Mitigating Climate Change,Jessica Seddon; Veerabhadran Ramanathan;,"2013: 11, 3",2013,11,3,,Design,3,Collect,31,Case Study,3,31,0,0.15,0,0,0,0,0,0,0.2,0,0,0,0,0,-0.3470529871714483,-0.5213109483772549,Design,3,Collect,31
31,Winter 2015,7,clusterSeven,Winter 2015,Bridge-Building for Social Transformation,L. David Brown;,"2015: 13, 1",2015,13,1,,Explore,1,Map,12,Case study,1,12,0.15,0,0,0,0,0.05,0,0,0,0,0,0,0,0,-0.2853208649841471,0.3053235756827008,Design,3,Collect,31
51,Spring 2015,7,clusterSeven,Spring 2015,Co-Creation in Government,Francis Gouillart; Tina Hallett;,"2015: 13, 2",2015,13,2,EXEMPLAR,Design,3,Collect,31,Case Study,3,31,0,0.15,0,0,0,0,0,0,0.2,0,0,0,0,0,-0.13771085390980758,0.01191668000822126,Design,3,Collect,31
115,Fall 2012,7,clusterSeven,Fall 2012,Innovation Is Not the Holy Grail,Christian Seelos; Johanna Mair;,"2012: 10, 4",2012,10,4,EXEMPLAR,Explore,1,Call,11,Reporting,1,11,0.15,0,0,0,0.05,0,0,0,0,0,0,0,0,0,0.2487487268163246,-0.5408286641280814,Design,3,Collect,31
160,Summer 2009,7,clusterSeven,Summer 2009,Platforms for Collaboration,Satish Nambisan;,"2009: 7, 3",2009,7,3,EXEMPLAR,Design,3,Collect,31,Case Study,3,31,0,0.15,0,0,0,0,0,0,0.2,0,0,0,0,0,-0.060785864698108864,0.5128896618054314,Design,3,Collect,31
169,Fall 2008,7,clusterSeven,Fall 2008,Rediscovering Social Innovation,James A Phills Jr; Kriss Deiglmeier; Dale T Miller;,"2008: 6, 4",2008,6,4,EXEMPLAR,Explore,1,Call,11,Reporting,1,11,0.15,0,0,0,0.05,0,0,0,0,0,0,0,0,0,-0.31524115828450583,0.2148902787608568,Design,3,Collect,31
186,Winter 2014,7,clusterSeven,Winter 2014,Social Innovation from the Inside Out,Warren Nilsson; Tana Paddock;,"2014: 12, 1",2014,12,1,EXEMPLAR,Design,3,Collect,31,Logic,3,31,0,0.15,0,0,0,0,0,0,0.2,0,0,0,0,0,-0.0932136681553908,0.11621587022422325,Design,3,Collect,31
58,Summer 2017,7,clusterSeven,Summer 2017,Creating Breakout Innovation,Joanna Levitt Cea; Jess Rimington,"2017: 15, 3",2017,15,3,,Design,3,Combine,32,Logic,3,32,0,0.15,0,0,0,0,0,0,0,0.1,0,0,0,0,-0.0974060577279741,0.17979538936599046,Design,3,Combine,32
70,Winter 2010,7,clusterSeven,Winter 2010,Design Thinking for Social Innovation,Tim Brown; Jocelyn Wyatt;,"2010: 8, 1",2010,8,1,EXEMPLAR,Design,3,Combine,32,Logic,3,32,0,0.15,0,0,0,0,0,0,0,0.1,0,0,0,0,-0.19343233216755915,0.4535707498476601,Design,3,Combine,32
120,Winter 2016,7,clusterSeven,Winter 2016,Leading Change Through Adaptive Design,Maya Bernstein; Marty Linsky;,"2016: 14, 1",2016,14,1,EXEMPLAR,Design,3,Combine,32,Case Study,3,32,0,0.15,0,0,0,0,0,0,0,0.1,0,0,0,0,0.013595880529185957,0.6611198237746633,Design,3,Combine,32
225,Spring 2017,7,clusterSeven,Spring 2017,The New Science of Designing for Humans,Piyush Tantia,"2017: 15, 2",2017,15,2,EXEMPLAR,Design,3,Combine,32,Logic,3,32,0,0.15,0,0,0,0,0,0,0,0.1,0,0,0,0,-0.17768600038400387,0.513793411722194,Design,3,Combine,32
284,Fall 2016,7,clusterSeven,Fall 2016,When Innovation Goes Wrong,Christian Seelos; Johanna Mair;,"2016: 14, 4",2016,14,4,EXEMPLAR,Design,3,Combine,32,Logic,3,32,0,0.15,0,0,0,0,0,0,0,0.1,0,0,0,0,-0.3375256381244234,0.4297686385215003,Design,3,Combine,32
74,Winter 2011,7,clusterSeven,Winter 2011,Disseminating Orphan Innovations,Susan H Evans; Peter Clarke;,"2011: 9, 1",2011,9,1,EXEMPLAR,Deliver,5,Disrupt,52,Case Study,5,52,0,0,0,0.15,0,0,0,0,0,0,0,0,0,0.05,-0.35839467752516385,0.5307065687882276,Deliver,5,Scale,51
177,Fall 2017,7,clusterSeven,Fall 2017,Scaling Science,John Gargaini; Robert McClean;,"2017: 15, 4",2017,15,3,,Deliver,5,Scale,51,Logic,5,51,0,0,0,0.15,0,0,0,0,0,0,0,0,0.05,0,-0.2410474015567799,-0.5901846005539104,Deliver,5,Scale,51
178,Spring 2004,7,clusterSeven,Spring 2004,Scaling Social Impact,Gregory Dees; Beth Battle Anderson;,"2004: 1, 4",2004,1,4,EXEMPLAR,Deliver,5,Scale,51,Case Study,5,51,0,0,0,0.15,0,0,0,0,0,0,0,0,0.05,0,-0.15866323207868355,0.1899585896661696,Deliver,5,Scale,51
247,Spring 2014,7,clusterSeven,Spring 2014,The Re-Emerging Art of Funding Innovation,Gabriel Kasper; Justin Marcoux;,"2014: 12, 2",2014,12,2,EXEMPLAR,Deliver,5,Scale,51,Case Study,5,51,0,0,0,0.15,0,0,0,0,0,0,0,0,0.05,0,0.1686122849237384,0.5276431386578408,Deliver,5,Scale,51
61,Spring 2009,6,clusterSix,Spring 2009,Creating Social Value,Philip Auerswald;,"2009: 7, 2",2009,7,2,EXEMPLAR,Explore,1,Call,11,Logic,1,11,0.15,0,0,0,0.05,0,0,0,0,0,0,0,0,0,-0.5129828690550173,0.1429122157185604,Explore,1,Call,11
171,Fall 2006,6,clusterSix,Fall 2006,Reshaping Social Entrepeneurship,Paul C Light;,"2006: 4, 3",2006,4,3,EXEMPLAR,Explore,1,Call,11,Reporting,1,11,0.15,0,0,0,0.05,0,0,0,0,0,0,0,0,0,-0.6419622917181712,0.27574619940856504,Explore,1,Call,11
184,Spring 2007,6,clusterSix,Spring 2007,Social Entrepeneurship: The Case for Definition,Roger L Martin; Sally Osberg;,"2007: 5, 2",2007,5,2,EXEMPLAR,Explore,1,Call,11,Case Study,1,11,0.15,0,0,0,0.05,0,0,0,0,0,0,0,0,0,-0.5619435733137041,0.231749244436854,Explore,1,Call,11
258,Summer 2015,6,clusterSix,Summer 2015,The Time Bank Solution,Edgar S Cahn; Christine Gray;,"2015: 13, 3",2015,13,3,,Design,3,Collect,31,Logic,3,31,0,0.15,0,0,0,0,0,0,0.2,0,0,0,0,0,-0.5855107197953338,-0.041753894097988256,Explore,1,Map,11
47,Fall 2011,6,clusterSix,Fall 2011,Circles of Change,Tracy A Thompson;,"2011: 9, 4",2011,9,4,,Explore,1,Map,12,Logic,1,12,0.15,0,0,0,0,0.05,0,0,0,0,0,0,0,0,-0.25158631061762216,0.7353121728248357,Explore,1,Map,12
104,Winter 2010,6,clusterSix,Winter 2010,Helping the Poor Save More,Dean Karlan;,"2010: 8, 1",2010,8,1,EXEMPLAR,Design,3,Combine,32,Logic,3,32,0,0.15,0,0,0,0,0,0,0,0.1,0,0,0,0,-0.6067337835486847,-0.2331065428697268,Explore,1,Map,12
112,Winter 2008,6,clusterSix,Winter 2008,In Microfinance Clients Must Come First,Srikant M Datar; Marc J Epstein; Kristi Yuthas;,"2008: 6, 1",2008,6,1,,Finance,2,Invest,21,Case Study,2,21,0,0,0,0,0,0,0.05,0,0,0,0,0,0,0,-0.5930442109039687,-0.4291351572468743,Explore,1,Map,12
142,Summer 2007,6,clusterSix,Summer 2007,Microfinance Misses Its Mark,Aneel Karnani;,"2007: 5, 3",2007,5,3,,Finance,2,Prospect,22,Reporting,2,22,0,0,0,0,0,0,0,0.05,0,0,0,0,0,0,-0.6102500275881203,-0.3505546804693794,Explore,1,Map,12
158,Spring 2011,6,clusterSix,Spring 2011,Picking Green Tech's Winners and Losers,"Clayton M Christensen; Suman ""Shuman"" Talukdar; Richard Alton; Michael B Horn;","2011: 9, 2",2011,9,2,,Explore,1,Map,12,Logic,1,12,0.15,0,0,0,0,0.05,0,0,0,0,0,0,0,0,-0.6356503223483013,-0.028680432194260086,Explore,1,Map,12
176,Winter 2009,6,clusterSix,Winter 2009,Romanticizing the Poor,Aneel Karnani;,"2009: 7, 1",2009,7,1,EXEMPLAR,Explore,1,Map,12,Reporting,1,12,0.15,0,0,0,0,0.05,0,0,0,0,0,0,0,0,-0.5307456821356128,-0.2194556814549376,Explore,1,Map,12
237,Winter 2016,6,clusterSix,Winter 2016,The Power of Lean Data,Sasha Dichter; Tom Adams; Alnoor Ebrahim;,"2016: 14, 1",2016,14,1,EXEMPLAR,Explore,1,Map,12,Case Study,1,12,0.15,0,0,0,0,0.05,0,0,0,0,0,0,0,0,-0.4948916160790986,0.3317898982966451,Explore,1,Map,12
252,Spring 2016,6,clusterSix,Spring 2016,The Risky Rhetoric of Female Risk Aversion,Sarah Kaplan; Natssia Walley;,"2016: 14, 2",2016,14,2,,Explore,1,Call,11,Case Study,1,11,0.15,0,0,0,0.05,0,0,0,0,0,0,0,0,0,-0.5765150068022301,0.502993170874656,Explore,1,Map,12
263,Spring 2016,6,clusterSix,Spring 2016,There is No Such Thing as a Green Product,Trevor Zink; Roland Guyer;,"2016: 14, 2",2016,14,2,,Finance,2,Prospect,22,Theory,2,22,0,0,0,0,0,0,0,0.05,0,0,0,0,0,0,0.4398402500139523,-0.6302533084836638,Explore,1,Map,12
170,Summer 2008,6,clusterSix,Summer 2008,Reimagining Microfinance,Alex Counts;,"2008: 6, 3",2008,6,3,EXEMPLAR,Finance,2,Invest,21,Logic,2,21,0,0,0,0,0,0,0.05,0,0,0,0,0,0,0,-0.5662297655342775,-0.4043098809229732,Finance,2,Invest,21
199,Summer 2017,6,clusterSix,Summer 2017,The Chinese Collectivist Model of Charity,Christopher Marquis; Qi Li; Kunyuan Qiao;,"2017: 15, 3",2017,15,3,EXEMPLAR,Finance,2,Invest,21,Interviews,2,21,0,0,0,0,0,0,0.05,0,0,0,0,0,0,0,-0.7119788981370981,0.1752822685946897,Finance,2,Invest,21
4,Summer 2010,6,clusterSix,Summer 2010,A Good Business for Poor People,Lisa Jones Christensen; David Lehr; Jason Fairbourne;,"2010: 8, 3",2010,8,3,,Finance,2,Prospect,22,Case Study,2,22,0,0,0,0,0,0,0,0.05,0,0,0,0,0,0,-0.31354029837344105,-0.0005224406239126382,Finance,2,Prospect,22
29,Summer 2005,6,clusterSix,Summer 2005,Block by Block,Ricardo Sandoval;,"2005: 3, 2",2005,3,2,,Finance,2,Prospect,22,Reporting,2,22,0,0,0,0,0,0,0,0.05,0,0,0,0,0,0,-0.4331659055974812,-0.4199481740106792,Finance,2,Prospect,22
71,Summer 2005,6,clusterSix,Summer 2005,Developing Native Capability,Stuart L Hart; Ted London;,"2005: 3, 2",2005,3,2,,Finance,2,Prospect,22,Reporting,2,22,0,0,0,0,0,0,0,0.05,0,0,0,0,0,0,-0.3608464425736416,-0.049439420674674564,Finance,2,Prospect,22
113,Summer 2012,6,clusterSix,Summer 2012,In Search of the Hybrid Ideal,Julie Battilana; Matthew Lee; John Walker; Cheryl Dorsey;,"2012: 10, 3",2012,10,3,EXEMPLAR,Finance,2,Prospect,22,Logic,2,22,0,0,0,0,0,0,0,0.05,0,0,0,0,0,0,-0.4558174242268302,0.43857452426152205,Finance,2,Prospect,22
116,Winter 2014,6,clusterSix,Winter 2014,Inside the Buy-One Give-One Model,Christopher Marquis; Andrew Park;,"2014: 12, 1",2014,12,1,EXEMPLAR,Finance,2,Prospect,22,Reporting,2,22,0,0,0,0,0,0,0,0.05,0,0,0,0,0,0,-0.5915840150683603,-0.11241195053122993,Finance,2,Prospect,22
255,Spring 2012,6,clusterSix,Spring 2012,The Social Enterprise Emerges in China,Meng Zhao;,"2012: 10, 2",2012,10,2,,Finance,2,Prospect,22,Interviews,2,22,0,0,0,0,0,0,0,0.05,0,0,0,0,0,0,-0.5651579536410692,0.3827829110900012,Finance,2,Prospect,22
46,Spring 2013,6,clusterSix,Spring 2013,China's Quest to Adopt Electric Vehicles,Christopher Marquis; Hongyu Zhang; Lixuan Zhou;,"2013: 11, 2",2013,11,2,,Design,3,Combine,32,Case Study,3,32,0,0.15,0,0,0,0,0,0,0,0.1,0,0,0,0,-0.1472398754904903,-0.625824234982447,Design,3,Combine,32
60,Summer 2006,6,clusterSix,Summer 2006,Creating Social Change: 10 Innovative Technologies,John Voelcker;,"2006: 4, 2",2006,4,2,EXEMPLAR,Design,3,Combine,32,Reporting,3,32,0,0.15,0,0,0,0,0,0,0,0.1,0,0,0,0,-0.2387879416405721,0.017012491362295924,Design,3,Combine,32
64,Winter 2008,6,clusterSix,Winter 2008,Cultivate Your Ecosystem,Paul N Bloom; J Gregory Dees;,"2008: 6, 1",2008,6,1,EXEMPLAR,Advocacy,4,Frame,41,Case Study,4,41,0,0,0.15,0,0,0,0,0,0,0,0.2,0,0,0,-0.5059051657788549,0.1779861837649832,Design,3,Combine,32
244,Summer 2015,6,clusterSix,Summer 2015,The Promise of Lean Experimentation,Peter Murray; Steve Ma;,"2015: 13, 3",2015,13,3,EXEMPLAR,Design,3,Combine,32,Case Study,3,32,0,0.15,0,0,0,0,0,0,0,0.1,0,0,0,0,-0.3565219257657222,0.6413349452045936,Design,3,Combine,32
65,Fall 2008,6,clusterSix,Fall 2008,Cultivating the Green Consumer,Sheila Bonini; Jeremy Oppenheim;,"2008: 6, 4",2008,6,4,,Finance,2,Prospect,22,Interviews,2,22,0,0,0,0,0,0,0,0.05,0,0,0,0,0,0,-0.6250709498081999,-0.322570994668927,Advocacy,4,Frame,41
154,Winter 2007,6,clusterSix,Winter 2007,One Buyer at a Time,James T Riordan;,"2007: 5, 1",2007,5,1,,Finance,2,Prospect,22,Case study,2,22,0,0,0,0,0,0,0,0.05,0,0,0,0,0,0,-0.27602719428180217,-0.09863992237398686,Advocacy,4,Frame,41
143,Winter 2011,6,clusterSix,Winter 2011,Microfinance Needs Regulation,Aneel Karnani;,"2011: 9, 1",2011,9,1,EXEMPLAR,Advocacy,4,Ratify,42,Logic,4,42,0,0,0.15,0,0,0,0,0,0,0,0,0.1,0,0,-0.6542429950952777,-0.3793836861602483,Advocacy,4,Ratify,42
144,Summer 2008,6,clusterSix,Summer 2008,Microloan Sharks,Jonathan C Lewis;,"2008: 6, 3",2008,6,3,EXEMPLAR,Advocacy,4,Ratify,42,Reporting,4,42,0,0,0.15,0,0,0,0,0,0,0,0,0.1,0,0,-0.6960283972289026,-0.16842322515928787,Advocacy,4,Ratify,42
72,Fall 2008,6,clusterSix,Fall 2008,Dialing for Development,David Lehr;,"2008: 6, 4",2008,6,4,,Deliver,5,Scale,51,Reporting,5,51,0,0,0,0.15,0,0,0,0,0,0,0,0,0.05,0,0.002339000125815889,-0.6792845449822145,Deliver,5,Scale,51
80,Spring 2017,6,clusterSix,Spring 2017,Embedding Education in Everyday Life,Guy Stuart; Jorrit de Jong; Linda Kaboolian,"2017: 15, 2",2017,15,2,,Deliver,5,Scale,51,Reporting,5,51,0,0,0,0.15,0,0,0,0,0,0,0,0,0.05,0,-0.2840494935826345,-0.5012356409809641,Deliver,5,Scale,51
92,Fall 2010,6,clusterSix,Fall 2010,Freeing the Social Entrepreneur,Chantal Laurie Below; Kimberly Dasher Tripp;,"2010: 8, 4",2010,8,4,EXEMPLAR,Deliver,5,Scale,51,Interviews,5,51,0,0,0,0.15,0,0,0,0,0,0,0,0,0.05,0,-0.08553349506970986,0.31339674000252205,Deliver,5,Scale,51
128,Summer 2011,6,clusterSix,Summer 2011,Local Empowerment Through Rapid Results,Nadim Matta; Peter Morgan;,"2011: 9, 3",2011,9,3,,Deliver,5,Scale,51,Case study,5,51,0,0,0,0.15,0,0,0,0,0,0,0,0,0.05,0,-0.26084368975913363,0.4278452595830487,Deliver,5,Scale,51
217,Winter 2015,6,clusterSix,Winter 2015,The Hidden Pitfalls of Inclusive Innovation,Raghav Narsalay; Leandro Pongeluppe; David Light;,"2015: 13, 1",2015,13,1,,Explore,1,Map,12,Case Study,1,12,0.15,0,0,0,0,0.05,0,0,0,0,0,0,0,0,-0.2803587378846575,0.01219043796964704,Deliver,5,Scale,51
228,Fall 2014,6,clusterSix,Fall 2014,The Next Stage of Financial Inclusion,Dean Karlan;,"2014: 12, 4",2014,12,4,EXEMPLAR,Deliver,5,Disrupt,52,Case Study,5,52,0,0,0,0.15,0,0,0,0,0,0,0,0,0,0.05,-0.39411507741624696,0.026827316009935483,Deliver,5,Disrupt,52
0,Summer 2012,5,clusterFive,Summer 2012,A Big Deal for Conservation,Larry Linden; Steve McCormick; Ivan Barkhorn; Roger Ullman; Guillermo Castilleja; Dan Winterson; Lee Green;,"2012: 10, 3",2012,10,3,EXEMPLAR,Design,3,Collect,31,Reporting,3,31,0,0.15,0,0,0,0,0,0,0.2,0,0,0,0,0,0.032104352876441665,0.4267655912664425,Explore,1,Call,11
131,Spring 2007,5,clusterFive,Spring 2007,Luck of the Draw,Kevin Bolduc; Phil Buchanan; Ellie Buteau;,"2007: 5, 2",2007,5,2,,Explore,1,Call,11,Interviews,1,11,0.15,0,0,0,0.05,0,0,0,0,0,0,0,0,0,0.5997313859929487,0.4351786063493937,Explore,1,Call,11
240,Spring 2010,5,clusterFive,Spring 2010,The Power of Theories of Change,Paul Brest;,"2010: 8, 2",2010,8,2,EXEMPLAR,Finance,2,Invest,21,Case Study,2,21,0,0,0,0,0,0,0.05,0,0,0,0,0,0,0,0.6301858055128762,0.23511539083655345,Explore,1,Map,12
248,Spring 2005,5,clusterFive,Spring 2005,The Reality Underneath the Buzz of Partnerships,Francie Ostrower;,"2005: 3, 1",2005,3,1,EXEMPLAR,Explore,1,Map,12,Logic,1,12,0.15,0,0,0,0,0.05,0,0,0,0,0,0,0,0,0.5110628699762226,0.41509830743886417,Explore,1,Map,12
1,Spring 2012,5,clusterFive,Spring 2012,A Decade of Outcome-Oriented Philanthropy,Paul Brest;,"2012: 10, 2",2012,10,2,EXEMPLAR,Finance,2,Invest,21,Case Study,2,21,0,0,0,0,0,0,0.05,0,0,0,0,0,0,0,0.17814762161643224,0.26842909303611473,Finance,2,Invest,21
40,Fall 2009,5,clusterFive,Fall 2009,Catalytic Philanthropy,Mark R Kramer;,"2009: 7, 4",2009,7,4,EXEMPLAR,Finance,2,Invest,21,Case Study,2,21,0,0,0,0,0,0,0.05,0,0,0,0,0,0,0,0.2150628510748645,0.43377659332163904,Finance,2,Invest,21
86,Spring 2003,5,clusterFive,Spring 2003,Filling the Performance Gap,Christine W Letts; William P Ryan;,"2003: 1, 1",2003,1,1,,Finance,2,Invest,21,Interviews,2,21,0,0,0,0,0,0,0.05,0,0,0,0,0,0,0,0.6212954520003013,0.3328441309402513,Finance,2,Invest,21
105,Spring 2013,5,clusterFive,Spring 2013,High Stakes Donor Collaborations,Willa Seldon; Thomas J Tierney; Gihani Fernando;,"2013: 11, 2",2013,11,2,EXEMPLAR,Finance,2,Invest,21,Case Study,2,21,0,0,0,0,0,0,0.05,0,0,0,0,0,0,0,0.3621136589068111,0.3085023085549767,Finance,2,Invest,21
107,Fall 2016,5,clusterFive,Fall 2016,How Grantmaking Can Create Adaptive Organizations,Douglas Easterling;,"2016: 14, 4",2016,14,4,,Finance,2,Invest,21,Logic,2,21,0,0,0,0,0,0,0.05,0,0,0,0,0,0,0,0.4749758600525154,0.5080220411189176,Finance,2,Invest,21
119,Winter 2004,5,clusterFive,Winter 2004,Leading Boldly,Ronald A Heifetz; John V Kania; Mark R Kramer;,"2004: 2, 3",2004,2,3,EXEMPLAR,Finance,2,Invest,21,Case Study,2,21,0,0,0,0,0,0,0.05,0,0,0,0,0,0,0,0.3434868593840392,0.40895001621488297,Finance,2,Invest,21
125,Spring 2011,5,clusterFive,Spring 2011,Letting Go,Kristi Kimball; Malka Kopell;,"2011: 9, 2",2011,9,2,EXEMPLAR,Finance,2,Invest,21,Reporting,2,21,0,0,0,0,0,0,0.05,0,0,0,0,0,0,0,0.14711795943201258,0.3185533265503633,Finance,2,Invest,21
132,Winter 2016,5,clusterFive,Winter 2016,Making Big Bets for Social Change,William Foster; Gail Perreault; Alison Powell; Chris Addy;,"2016: 14, 1",2016,14,1,EXEMPLAR,Finance,2,Invest,21,Case Study,2,21,0,0,0,0,0,0,0.05,0,0,0,0,0,0,0,0.2971567948653013,0.2834209491835024,Finance,2,Invest,21
146,Summer 2004,5,clusterFive,Summer 2004,Money Talk,John Healy; Paul Brest; Robert Joss; Michael Klausner;,"2004: 2, 1",2004,2,1,,Explore,1,Call,11,Interviews,1,11,0.15,0,0,0,0.05,0,0,0,0,0,0,0,0,0,0.3552804092695335,0.3527260490751559,Finance,2,Invest,21
183,Winter 2003,5,clusterFive,Winter 2003,Smart Money,Paul Brest;,"2003: 1, 3",2003,1,3,EXEMPLAR,Finance,2,Invest,21,Logic,2,21,0,0,0,0,0,0,0.05,0,0,0,0,0,0,0,0.5094291393950607,0.2578404284061932,Finance,2,Invest,21
96,Winter 2012,5,clusterFive,Winter 2012,Giving 2.0: Getting Together to Give,Laura Arrillaga-Andreessen;,"2012: 10, 1",2012,10,1,EXEMPLAR,Finance,2,Prospect,22,Reporting,2,22,0,0,0,0,0,0,0,0.05,0,0,0,0,0,0,0.3672960010416541,0.4769800514998658,Finance,2,Prospect,22
126,Spring 2013,5,clusterFive,Spring 2013,Listening to Those Who Matter Most the Beneficiaries,Fay Twersky; Phil Buchanan; Valerie Threlfall;,"2013: 11, 2",2013,11,2,EXEMPLAR,Design,3,Collect,31,Case Study,3,31,0,0.15,0,0,0,0,0,0,0.2,0,0,0,0,0,0.5765653627774203,0.42758740639898346,Design,3,Collect,31
196,Spring 2010,5,clusterFive,Spring 2010,The Case for Stakeholder Engagement,Kathleen P Enright; Courtney Bourns;,"2010: 8, 2",2010,8,2,,Design,3,Collect,31,Case Study,3,31,0,0.15,0,0,0,0,0,0,0.2,0,0,0,0,0,0.4704822813315833,0.3760121910832261,Design,3,Collect,31
279,Spring 2005,5,clusterFive,Spring 2005,War of Ideas,Andrew Rich;,"2005: 3, 1",2005,3,1,,Advocacy,4,Ratify,42,Interviews,4,42,0,0,0.15,0,0,0,0,0,0,0,0,0.1,0,0,0.4400516459213414,0.4478167760175959,Advocacy,4,Frame,41
229,Fall 2009,5,clusterFive,Fall 2009,The Nonprofit Starvation Cycle,Ann Goggins Gregory; Don Howard;,"2009: 7, 4",2009,7,4,EXEMPLAR,Deliver,5,Disrupt,52,Logic,5,52,0,0,0,0.15,0,0,0,0,0,0,0,0,0,0.05,0.4015424422560739,0.6103372955806932,Deliver,5,Disrupt,52
52,Winter 2011,4,clusterFour,Winter 2011,Collective Impact,John Kania; Mark Kramer;,"2011: 9, 1",2011,9,1,EXEMPLAR,Design,3,Combine,32,Case Study,3,32,0,0.15,0,0,0,0,0,0,0,0.1,0,0,0,0,0.11375955905978047,0.07907458718626012,Explore,1,Call,11
203,Winter 2015,4,clusterFour,Winter 2015,The Dawn of System Leadership,Peter Senge; Hal Hamilton; John Kania;,"2015: 13, 1",2015,13,1,EXEMPLAR,Explore,1,Map,12,Logic,1,12,0.15,0,0,0,0,0.05,0,0,0,0,0,0,0,0,0.11614373871667655,-0.18346301240855328,Explore,1,Call,11
220,Summer 2006,4,clusterFour,Summer 2006,The Leadership Deficit,Thomas J Tierney;,"2006: 4, 2",2006,4,2,EXEMPLAR,Explore,1,Map,12,Logic,1,12,0.15,0,0,0,0,0.05,0,0,0,0,0,0,0,0,0.4180729786848679,0.1389388577224833,Explore,1,Call,11
245,Fall 2017,4,clusterFour,Fall 2017,The Promise of Skills-Based Volunteering,Christine Letts; Danielle Holly,"2017: 15, 4",2017,15,3,EXEMPLAR,Explore,1,Call,11,Case Study,1,11,0.15,0,0,0,0.05,0,0,0,0,0,0,0,0,0,0.23091519378114236,0.05972318239445791,Explore,1,Call,11
260,Summer 2015,4,clusterFour,Summer 2015,The Wall Street Takeover of Nonprofit Boards,Garry W Jenkins;,"2015: 13, 3",2015,13,3,EXEMPLAR,Explore,1,Map,12,Case Study,1,12,0.15,0,0,0,0,0.05,0,0,0,0,0,0,0,0,0.6069018265801639,0.15578293787268216,Explore,1,Call,11
283,Fall 2013,4,clusterFour,Fall 2013,When Good is Not Good Enough,Bill Shore; Darell Hammond; Amy Celep;,"2013: 11, 4",2013,11,4,EXEMPLAR,Explore,1,Call,11,Case Study,1,11,0.15,0,0,0,0.05,0,0,0,0,0,0,0,0,0,0.013547449968532185,0.2455586600929716,Explore,1,Call,11
85,Spring 2005,4,clusterFour,Spring 2005,Failing to Govern,Michael Klausner; Jonathan Small;,"2005: 3, 1",2005,3,1,,Explore,1,Map,12,Logic,1,12,0.15,0,0,0,0,0.05,0,0,0,0,0,0,0,0,0.701353097040188,0.11756638763336565,Explore,1,Map,12
145,Summer 2009,4,clusterFour,Summer 2009,Mission-Driven Governance,Raymond Fisman; Rakesh Khurana; Edward Martenson;,"2009: 7, 3",2009,7,3,,Explore,1,Map,12,Case Study,1,12,0.15,0,0,0,0,0.05,0,0,0,0,0,0,0,0,0.576301720640273,0.04220124578823496,Explore,1,Map,12
165,Spring 2005,4,clusterFour,Spring 2005,Putting People First,Jeffrey Pfeffer;,"2005: 3, 1",2005,3,1,EXEMPLAR,Explore,1,Map,12,Case Study,1,12,0.15,0,0,0,0,0.05,0,0,0,0,0,0,0,0,-0.0038783646539634026,-0.02227833874906851,Explore,1,Map,12
197,Summer 2011,4,clusterFour,Summer 2011,The Challenge of Organizational Learning,Katie Smith Milway; Amy Saxton;,"2011: 9, 3",2011,9,3,,Explore,1,Map,12,Interviews,1,12,0.15,0,0,0,0,0.05,0,0,0,0,0,0,0,0,0.4622752924066273,-0.13352893706933258,Explore,1,Map,12
280,Summer 2006,4,clusterFour,Summer 2006,What Business Execs Dont Know but should About Nonprofits,Les Silverman; Lynn Taliento;,"2006: 4, 2",2006,4,2,,Explore,1,Map,12,Interviews,1,12,0.15,0,0,0,0,0.05,0,0,0,0,0,0,0,0,0.4392938487741539,0.04522620953743905,Explore,1,Map,12
73,Spring 2015,4,clusterFour,Spring 2015,Disruption for Good,Laura Arrillaga-Andreessen;,"2015: 13, 2",2015,13,2,,Advocacy,4,Frame,41,Logic,4,41,0,0,0.15,0,0,0,0,0,0,0,0.2,0,0,0,0.17822791918118958,0.1126531707833954,Finance,2,Invest,21
191,Summer 2003,4,clusterFour,Summer 2003,Strategic Alliances,James Austin;,"2003: 1, 2",2003,1,2,EXEMPLAR,Finance,2,Invest,21,Reporting,2,21,0,0,0,0,0,0,0.05,0,0,0,0,0,0,0,0.4150263404116504,-0.0972429180623039,Finance,2,Invest,21
246,Summer 2005,4,clusterFour,Summer 2005,The Ratings Game,Stephanie Lowell; Brian Trelstad; Bill Meehan;,"2005: 3, 2",2005,3,2,EXEMPLAR,Finance,2,Invest,21,Case Study,2,21,0,0,0,0,0,0,0.05,0,0,0,0,0,0,0,0.34976054715997923,0.05810042319814545,Finance,2,Invest,21
8,Spring 2011,4,clusterFour,Spring 2011,A New Type of Hybrid,Allen R Bromberger;,"2011: 9, 2",2011,9,2,EXEMPLAR,Finance,2,Prospect,22,Logic,2,22,0,0,0,0,0,0,0,0.05,0,0,0,0,0,0,-0.31729931571552045,0.3990310737176965,Finance,2,Prospect,22
87,Fall 2011,4,clusterFour,Fall 2011,Finding Your Funding Model,Peter Kim; Gail Perreault; William Foster;,"2011: 9, 4",2011,9,4,,Finance,2,Prospect,22,Case Study,2,22,0,0,0,0,0,0,0,0.05,0,0,0,0,0,0,0.4508295155228749,0.2990414739735154,Finance,2,Prospect,22
235,Winter 2004,4,clusterFour,Winter 2004,The Pitfalls of Profits,Burton A Weisbrod;,"2004: 2, 3",2004,2,3,,Finance,2,Prospect,22,Case Study,2,22,0,0,0,0,0,0,0,0.05,0,0,0,0,0,0,0.4246828231977374,0.1048279152267632,Finance,2,Prospect,22
151,Winter 2007,4,clusterFour,Winter 2007,Networks for Good Works,Joel M Podolny;,"2007: 5, 1",2007,5,1,EXEMPLAR,Advocacy,4,Frame,41,Case study,4,41,0,0,0.15,0,0,0,0,0,0,0,0.2,0,0,0,0.19491565494485746,-0.3816492818187757,Advocacy,4,Frame,41
179,Winter 2017,4,clusterFour,Winter 2017,Selling Social Change,Taz Hussein; Matt Plummer;,"2017: 15, 1",2017,15,1,,Advocacy,4,Frame,41,Theory,4,41,0,0,0.15,0,0,0,0,0,0,0,0.2,0,0,0,0.02285108449977389,0.06828050683117144,Advocacy,4,Frame,41
236,Winter 2007,4,clusterFour,Winter 2007,The Power of Brands,Adrian Sargeant; John B Ford;,"2007: 5, 1",2007,5,1,,Advocacy,4,Frame,41,Reporting,4,41,0,0,0.15,0,0,0,0,0,0,0,0.2,0,0,0,0.6038022435727782,-0.3731353025597584,Advocacy,4,Frame,41
238,Summer 2003,4,clusterFour,Summer 2003,The Power of Persuasion,Robert B Cialdini;,"2003: 1, 2",2003,1,2,EXEMPLAR,Advocacy,4,Frame,41,Interviews,4,41,0,0,0.15,0,0,0,0,0,0,0,0.2,0,0,0,0.18293852001912814,-0.10466180569264086,Advocacy,4,Frame,41
121,Spring 2007,4,clusterFour,Spring 2007,Learn to Love Lobbying,Fraser Nelson; David W Brady; Alana Conner Snibbe;,"2007: 5, 2",2007,5,2,EXEMPLAR,Advocacy,4,Ratify,42,Interviews,4,42,0,0,0.15,0,0,0,0,0,0,0,0,0.1,0,0,-0.6309959868011105,-0.24640132504363899,Advocacy,4,Ratify,42
13,Summer 2008,4,clusterFour,Summer 2008,Achieving Breakthrough Performance,Mark Gottfredson; Steve Schaubert; Elisabeth Babcock;,"2008: 6, 3",2008,6,3,EXEMPLAR,Deliver,5,Scale,51,Case Study,5,51,0,0,0,0.15,0,0,0,0,0,0,0,0,0.05,0,0.0958629565028022,0.020224625409050696,Deliver,5,Scale,51
59,Fall 2007,4,clusterFour,Fall 2007,Creating High-Impact Nonprofits,Heather McLeod Grant; Leslie R Crutchfield;,"2007: 5, 4",2007,5,4,EXEMPLAR,Deliver,5,Disrupt,52,Logic,5,52,0,0,0,0.15,0,0,0,0,0,0,0,0,0,0.05,0.21318655099573192,0.0048006838905483955,Deliver,5,Scale,51
98,Summer 2007,4,clusterFour,Summer 2007,Go Ahead--Pop the Question,Kevin T Kirkpatrick;,"2007: 5, 3",2007,5,3,EXEMPLAR,Deliver,5,Scale,51,Reporting,5,51,0,0,0,0.15,0,0,0,0,0,0,0,0,0.05,0,0.6794731465811161,-0.010753660538646138,Deliver,5,Scale,51
100,Spring 2003,4,clusterFour,Spring 2003,Going to Scale,Jeffrey L Bradach;,"2003: 1, 1",2003,1,1,EXEMPLAR,Deliver,5,Scale,51,Case Study,5,51,0,0,0,0.15,0,0,0,0,0,0,0,0,0.05,0,0.2708164744146443,-0.13795356870510256,Deliver,5,Scale,51
108,Spring 2007,4,clusterFour,Spring 2007,How Nonprofits Get Really Big,William Foster; Gail Fine;,"2007: 5, 2",2007,5,2,EXEMPLAR,Deliver,5,Scale,51,Case Study,5,51,0,0,0,0.15,0,0,0,0,0,0,0,0,0.05,0,0.2891757977648519,0.1774121962337955,Deliver,5,Scale,51
140,Spring 2010,4,clusterFour,Spring 2010,Merging Wisely,David La Piana;,"2010: 8, 2",2010,8,2,EXEMPLAR,Deliver,5,Scale,51,Logic,5,51,0,0,0,0.15,0,0,0,0,0,0,0,0,0.05,0,0.6108317221641674,0.09435901222944837,Deliver,5,Scale,51
223,Spring 2008,4,clusterFour,Spring 2008,The Networked Nonprofit,Jane Wei-Skillern; Sonia Marciano;,"2008: 6, 2",2008,6,2,EXEMPLAR,Deliver,5,Scale,51,Logic,5,51,0,0,0,0.15,0,0,0,0,0,0,0,0,0.05,0,0.2805603445033354,0.0026575834636864398,Deliver,5,Scale,51
254,Fall 2013,4,clusterFour,Fall 2013,The Secret of Scale,Peter Murray;,"2013: 11, 4",2013,11,4,EXEMPLAR,Deliver,5,Scale,51,Case Study,5,51,0,0,0,0.15,0,0,0,0,0,0,0,0,0.05,0,0.19517438956579786,-0.5250241752255864,Deliver,5,Scale,51
273,Summer 2007,4,clusterFour,Summer 2007,Uniting for Survival,Don Haider;,"2007: 5, 3",2007,5,3,,Deliver,5,Scale,51,Case Study,5,51,0,0,0,0.15,0,0,0,0,0,0,0,0,0.05,0,0.6134494897301572,-0.1258621714992012,Deliver,5,Scale,51
282,Winter 2015,4,clusterFour,Winter 2015,What's Your Endgame?,Alice Gugelev; Andrew Stern;,"2015: 13, 1",2015,13,1,,Deliver,5,Scale,51,Reporting,5,51,0,0,0,0.15,0,0,0,0,0,0,0,0,0.05,0,0.4232299688296705,0.2019460863424179,Deliver,5,Scale,51
288,Spring 2014,4,clusterFour,Spring 2014,Why Nonprofit Mergers Continue to Lag,Katie Smith Milway; Maria Orozco; Cristina Botero;,"2014: 12, 2",2014,12,2,,Deliver,5,Scale,51,Logic,5,51,0,0,0,0.15,0,0,0,0,0,0,0,0,0.05,0,0.7522539403065094,-0.0004698760221380322,Deliver,5,Scale,51
290,Summer 2010,4,clusterFour,Summer 2010,Working Wikily,Diana Scearce; Gabriel Kasper; Heather McLeod Grant;,"2010: 8, 3",2010,8,3,EXEMPLAR,Design,3,Collect,31,Logic,3,31,0,0.15,0,0,0,0,0,0,0.2,0,0,0,0,0,0.3313095137112625,-0.20801866908732625,Deliver,5,Scale,51
23,Summer 2007,4,clusterFour,Summer 2007,Before You Say I Do,Denise L Gammal;,"2007: 5, 3",2007,5,3,,Deliver,5,Scale,51,Interviews,5,51,0,0,0,0.15,0,0,0,0,0,0,0,0,0.05,0,0.6648057252164983,0.02772851702504608,Deliver,5,Scale,51
10,Summer 2017,4,clusterFour,Summer 2017,A Revamped ACLU Takes on Today's Fights,Anthony Romero; Geri Rozanski;,"2017: 15, 3",2017,15,3,EXEMPLAR,Deliver,5,Disrupt,52,Case Study,5,52,0,0,0,0.15,0,0,0,0,0,0,0,0,0,0.05,0.19788920217905775,-0.7180215812244007,Deliver,5,Disrupt,52
88,Winter 2012,4,clusterFour,Winter 2012,Five Ways to Navigate the Fiscal Crisis,Daniel Stid; Willa Seldon;,"2012: 10, 1",2012,10,1,,Deliver,5,Disrupt,52,Interviews,5,52,0,0,0,0.15,0,0,0,0,0,0,0,0,0,0.05,0.29609458585888937,0.09899677334440617,Deliver,5,Disrupt,52
129,Summer 2012,4,clusterFour,Summer 2012,Local Forces for Good,Leslie R Crutchfield; Heather McLeod-Grant;,"2012: 10, 3",2012,10,3,EXEMPLAR,Deliver,5,Disrupt,52,Case study,5,52,0,0,0,0.15,0,0,0,0,0,0,0,0,0,0.05,0.2991919778874748,-0.04242190729009679,Deliver,5,Disrupt,52
148,Spring 2008,4,clusterFour,Spring 2008,More Bang for the Buck,Alex Neuhoff; Robert Searle;,"2008: 6, 2",2008,6,2,,Deliver,5,Disrupt,52,Case study,5,52,0,0,0,0.15,0,0,0,0,0,0,0,0,0,0.05,0.2501693802365541,0.26184205464810817,Deliver,5,Disrupt,52
253,Spring 2012,4,clusterFour,Spring 2012,The Role of Brand in the Nonprofit Sector,Nathalie Kylander; Christopher Stone;,"2012: 10, 2",2012,10,2,EXEMPLAR,Deliver,5,Disrupt,52,Interviews,5,52,0,0,0,0.15,0,0,0,0,0,0,0,0,0,0.05,0.6538943366631198,-0.4010849232058106,Deliver,5,Disrupt,52
256,Fall 2004,4,clusterFour,Fall 2004,The Sound of No Music,James A Phills Jr;,"2004: 2, 2",2004,2,2,,Explore,1,Call,11,Case Study,1,11,0.15,0,0,0,0.05,0,0,0,0,0,0,0,0,0,0.41464573890961737,-0.008035958466665367,Deliver,5,Disrupt,52
278,Winter 2013,4,clusterFour,Winter 2013,Using National Networks to Tackle Chronic Disease,Taz Hussein; Michaela Kerrissey;,"2013: 11, 1",2013,11,1,,Deliver,5,Disrupt,52,Interviews,5,52,0,0,0,0.15,0,0,0,0,0,0,0,0,0,0.05,0.32190310880522305,-0.5383060531747959,Deliver,5,Disrupt,52
291,Fall 2004,4,clusterFour,Fall 2004,Zeroing in on Impact,Susan Colby; Nan Stone; Paul Carttar;,"2004: 2, 2",2004,2,2,,Deliver,5,Disrupt,52,Case Study,5,52,0,0,0,0.15,0,0,0,0,0,0,0,0,0,0.05,0.5065692831684177,-0.07465663003975215,Deliver,5,Disrupt,52
188,Spring 2003,3,clusterThree,Spring 2003,Sparking Nonprofit Innovation,Robert I Sutton;,"2003: 1, 1",2003,1,1,EXEMPLAR,Explore,1,Call,11,Reporting,1,11,0.15,0,0,0,0.05,0,0,0,0,0,0,0,0,0,0.45010734815069536,-0.3121689159915519,Explore,1,Call,11
215,Spring 2006,3,clusterThree,Spring 2006,The Hidden Cost of Paradise,Mark Dowie;,"2006: 4, 1",2006,4,1,,Advocacy,4,Frame,41,Reporting,4,41,0,0,0.15,0,0,0,0,0,0,0,0.2,0,0,0,-0.5247118336933843,-0.08815026613423682,Explore,1,Call,11
226,Winter 2009,3,clusterThree,Winter 2009,The New Volunteer Workforce,David Eisner; Robert T. Grimm Jr; Shannon Maynard; Susannah Washburn;,"2009: 7, 1",2009,7,1,EXEMPLAR,Explore,1,Call,11,Logic,1,11,0.15,0,0,0,0.05,0,0,0,0,0,0,0,0,0,0.3325736416685228,-0.6990665065215602,Explore,1,Call,11
266,Winter 2003,3,clusterThree,Winter 2003,To the Rescue,Roger Martin;,"2003: 1, 3",2003,1,3,EXEMPLAR,Explore,1,Map,12,Case study,1,12,0.15,0,0,0,0,0.05,0,0,0,0,0,0,0,0,0.3728853189249071,-0.3037085541581081,Explore,1,Call,11
2,Winter 2005,3,clusterThree,Winter 2005,A Failure of Philanthropy,Robert Reich;,"2005: 3, 4",2005,3,4,EXEMPLAR,Explore,1,Map,12,Logic,1,12,0.15,0,0,0,0,0.05,0,0,0,0,0,0,0,0,-0.23544903514127646,-0.6293784970104269,Explore,1,Map,12
11,Winter 2013,3,clusterThree,Winter 2013,A Revolution Begins in Teacher Prep,Jonathan Schorr;,"2013: 11, 1",2013,11,1,,Explore,1,Map,12,Reporting,1,12,0.15,0,0,0,0,0.05,0,0,0,0,0,0,0,0,0.1874189911711837,0.7461703977690871,Explore,1,Map,12
26,Fall 2010,3,clusterThree,Fall 2010,Beyond the Poverty Line,Rourke L O'Brien; David S Pedulla;,"2010: 8, 4",2010,8,4,,Explore,1,Map,12,Logic,1,12,0.15,0,0,0,0,0.05,0,0,0,0,0,0,0,0,-0.6800014967468891,0.15379901072131907,Explore,1,Map,12
84,Summer 2009,3,clusterThree,Summer 2009,Ethics and Nonprofits,Deborah L Rhode; Amanda K Packel;,"2009: 7, 3",2009,7,3,EXEMPLAR,Explore,1,Map,12,Logic,1,12,0.15,0,0,0,0,0.05,0,0,0,0,0,0,0,0,0.2497312534715557,0.602502971540931,Explore,1,Map,12
153,Spring 2009,3,clusterThree,Spring 2009,Offsetting Green Guilt,Matthew J Kotchen;,"2009: 7, 2",2009,7,2,,Finance,2,Prospect,22,Reporting,2,22,0,0,0,0,0,0,0,0.05,0,0,0,0,0,0,-0.4063568849286914,-0.2327722309067772,Explore,1,Map,12
173,Winter 2005,3,clusterThree,Winter 2005,Rethinking Self-Esteem,Roy Baumeister;,"2005: 3, 4",2005,3,4,EXEMPLAR,Design,3,Collect,31,Reporting,3,31,0,0.15,0,0,0,0,0,0,0.2,0,0,0,0,0,0.22214339902014646,-0.4227234143998332,Explore,1,Map,12
221,Fall 2011,3,clusterThree,Fall 2011,The Missing Link in School Reform,Carrie R Leana;,"2011: 9, 4",2011,9,4,,Explore,1,Map,12,Interviews,1,12,0.15,0,0,0,0,0.05,0,0,0,0,0,0,0,0,0.15343486749835164,0.7432512739155552,Explore,1,Map,12
261,Summer 2004,3,clusterThree,Summer 2004,The Working Poor,David K Shipler;,"2004: 2, 1",2004,2,1,,Explore,1,Map,12,Interviews,1,12,0.15,0,0,0,0,0.05,0,0,0,0,0,0,0,0,-0.2366355702649146,-0.2453891038503296,Explore,1,Map,12
262,Fall 2005,3,clusterThree,Fall 2005,The Workings of Class,Adrie Kusserow;,"2005: 3, 3",2005,3,3,,Explore,1,Map,12,Case Study,1,12,0.15,0,0,0,0,0.05,0,0,0,0,0,0,0,0,0.5622230267882906,-0.3924197215579941,Explore,1,Map,12
7,Fall 2006,3,clusterThree,Fall 2006,A New Take on Tithing,Claude Rosenberg; Tim Stone;,"2006: 4, 3",2006,4,3,EXEMPLAR,Finance,2,Prospect,22,Logic,2,22,0,0,0,0,0,0,0,0.05,0,0,0,0,0,0,-0.16250794910451186,0.6734132939289952,Finance,2,Prospect,22
63,Spring 2006,3,clusterThree,Spring 2006,Crisis Mentality,Keith Epstein;,"2006: 4, 1",2006,4,1,,Finance,2,Prospect,22,Reporting,2,22,0,0,0,0,0,0,0,0.05,0,0,0,0,0,0,0.08044798805521547,-0.11604129782949996,Finance,2,Prospect,22
162,Spring 2012,3,clusterThree,Spring 2012,Private Schools for the Poor,Josh Kwan;,"2012: 10, 2",2012,10,2,,Finance,2,Prospect,22,Reporting,2,22,0,0,0,0,0,0,0,0.05,0,0,0,0,0,0,-0.024146253425980597,0.6247560045107384,Finance,2,Prospect,22
195,Spring 2009,3,clusterThree,Spring 2009,Ten Nonprofit Funding Models,William Landes Foster; Peter Kim; Barbara Christiansen;,"2009: 7, 2",2009,7,2,,Finance,2,Prospect,22,Comparative case study,2,22,0,0,0,0,0,0,0,0.05,0,0,0,0,0,0,0.2725976137276509,0.5602348880831189,Finance,2,Prospect,22
206,Winter 2016,3,clusterThree,Winter 2016,The Emergence of Subversive Charities in China,Christopher Marquis; Yanhua Zhou; Zoe Yang;,"2016: 14, 1",2016,14,1,EXEMPLAR,Finance,2,Prospect,22,Interviews,2,22,0,0,0,0,0,0,0,0.05,0,0,0,0,0,0,-0.06738037988351292,-0.6266443394436716,Finance,2,Prospect,22
68,Summer 2003,3,clusterThree,Summer 2003,Debunking Charitable Choice ,Mark Chaves;,"2003: 1, 2",2003,1,2,,Advocacy,4,Ratify,42,Reporting,4,42,0,0,0.15,0,0,0,0,0,0,0,0,0.1,0,0,0.7054088095507285,-0.253151755185113,Finance,2,Prospect,22
211,Summer 2016,3,clusterThree,Summer 2016,The Future of Prize Philanthropy,Reyna Reed Wasson;,"2016: 14, 3",2016,14,3,EXEMPLAR,Design,3,Collect,31,Reporting,3,31,0,0.15,0,0,0,0,0,0,0.2,0,0,0,0,0,0.43210988285489904,-0.6958558837658156,Design,3,Collect,31
69,Winter 2018,3,clusterThree,Winter 2018,Design Thinking for Higher Education,"Clark Gilbert, Michael Crow; Derrick Anderson;","2018: 16,1",2018,16,1,,Design,3,Combine,32,Reporting,3,32,0,0.15,0,0,0,0,0,0,0,0.1,0,0,0,0,-0.13574580261708766,0.5583628673654567,Design,3,Combine,32
233,Spring 2004,3,clusterThree,Spring 2004,The Path of Change,Jerry Porras; Tom Vander Ark;,"2004: 1, 4",2004,1,4,,Design,3,Combine,32,Interviews,3,32,0,0.15,0,0,0,0,0,0,0,0.1,0,0,0,0,0.4633026954264118,-0.30066020910413616,Design,3,Combine,32
67,Spring 2017,3,clusterThree,Spring 2017,Data Disrupts Corruption,Carlos Santos; Ben Roseth;,"2017: 15, 2",2017,15,2,EXEMPLAR,Advocacy,4,Frame,41,Logic,4,41,0,0,0.15,0,0,0,0,0,0,0,0.2,0,0,0,0.113480555621549,-0.6461013424158826,Advocacy,4,Frame,41
130,Winter 2003,3,clusterThree,Winter 2003,Loud and Clear,Chip Heath;,"2003: 1, 3",2003,1,3,EXEMPLAR,Advocacy,4,Frame,41,Reporting,4,41,0,0,0.15,0,0,0,0,0,0,0,0.2,0,0,0,0.4510074407985716,-0.3959815437675064,Advocacy,4,Frame,41
133,Summer 2004,3,clusterThree,Summer 2004,Making Change,Mayer N Zald;,"2004: 2, 1",2004,2,1,,Advocacy,4,Frame,41,Case Study,4,41,0,0,0.15,0,0,0,0,0,0,0,0.2,0,0,0,0.02256942319056356,-0.6054703000200621,Advocacy,4,Frame,41
190,Spring 2017,3,clusterThree,Spring 2017,Stop Raising Awareness Already,Ann Christiano; Annie Neimand,"2017: 15, 2",2017,15,2,,Advocacy,4,Frame,41,Logic,4,41,0,0,0.15,0,0,0,0,0,0,0,0.2,0,0,0,0.07064454229300313,-0.6336083794647769,Advocacy,4,Frame,41
6,Fall 2016,3,clusterThree,Fall 2016,A New Model for Citizen Engagement,Myung Lee; Peter Levine;,"2016: 14, 4",2016,14,4,EXEMPLAR,Advocacy,4,Ratify,42,Logic,4,42,0,0,0.15,0,0,0,0,0,0,0,0,0.1,0,0,-0.07276464608385373,0.6256464503502454,Advocacy,4,Ratify,42
18,Fall 2004,3,clusterThree,Fall 2004,An Accidental Good,Doug Guthrie;,"2004: 2, 2",2004,2,2,,Advocacy,4,Ratify,42,Case study,4,42,0,0,0.15,0,0,0,0,0,0,0,0,0.1,0,0,-0.7061020241447754,0.006672190835493728,Advocacy,4,Ratify,42
20,Winter 2010,3,clusterThree,Winter 2010,An Ounce of Advocacy,Alyssa Battistoni;,"2010: 8, 1",2010,8,1,EXEMPLAR,Advocacy,4,Ratify,42,Case Study,4,42,0,0,0.15,0,0,0,0,0,0,0,0,0.1,0,0,-0.04496495821182074,-0.2781916653216648,Advocacy,4,Ratify,42
54,Spring 2016,3,clusterThree,Spring 2016,Community Engagement Matters,Melody Barnes; Paul Schmitz;,"2016: 14, 2",2016,14,2,EXEMPLAR,Advocacy,4,Ratify,42,Case Study,4,42,0,0,0.15,0,0,0,0,0,0,0,0,0.1,0,0,0.4505256161233178,-0.2032936485348888,Advocacy,4,Ratify,42
111,Fall 2005,3,clusterThree,Fall 2005,Imagining a Democracy,Mark McNamara;,"2005: 3, 3",2005,3,3,EXEMPLAR,Advocacy,4,Ratify,42,Reporting,4,42,0,0,0.15,0,0,0,0,0,0,0,0,0.1,0,0,-0.4282845777456975,-0.11983422211860766,Advocacy,4,Ratify,42
156,Summer 2014,3,clusterThree,Summer 2014,Philanthropy in a Time of Polarization,Steven Teles; Heather Hurlburt; Mark Schmitt;,"2014: 12, 3",2014,12,3,EXEMPLAR,Advocacy,4,Ratify,42,Reporting,4,42,0,0,0.15,0,0,0,0,0,0,0,0,0.1,0,0,0.10540112224373199,-0.4179615157475921,Advocacy,4,Ratify,42
202,Winter 2017,3,clusterThree,Winter 2017,The Curb-Cut Effect,Angla Glover Blackwell;,"2017: 15, 1",2017,15,1,EXEMPLAR,Advocacy,4,Ratify,42,Reporting,4,42,0,0,0.15,0,0,0,0,0,0,0,0,0.1,0,0,-0.1244642318518246,-0.2314825895929111,Advocacy,4,Ratify,42
218,Spring 2010,3,clusterThree,Spring 2010,The Ingredients of Growth,David H Brady; Michael Spence;,"2010: 8, 2",2010,8,2,,Advocacy,4,Ratify,42,Case Study,4,42,0,0,0.15,0,0,0,0,0,0,0,0,0.1,0,0,-0.5930206107107155,0.007818693172895767,Advocacy,4,Ratify,42
265,Summer 2015,3,clusterThree,Summer 2015,Time for the Plural Sector,Henry Mintzberg;,"2015: 13, 3",2015,13,3,EXEMPLAR,Advocacy,4,Ratify,42,Logic,4,42,0,0,0.15,0,0,0,0,0,0,0,0,0.1,0,0,-0.048546729667901405,-0.5164179060602624,Advocacy,4,Ratify,42
90,Spring 2018,3,clusterThree,Spring 2018,Four Strategies for Large Systems Change,Steve Waddell;,"2018: 16,2",2018,16,2,EXEMPLAR,Deliver,5,Scale,51,Logic,5,51,0,0,0,0.15,0,0,0,0,0,0,0,0,0.05,0,-0.14337383770025322,-0.4642639096166347,Deliver,5,Scale,51
289,Summer 2013,3,clusterThree,Summer 2013,Why Nonprofits Should Operate Commuter Trains,Rohit T Aggarwala;,"2013: 11, 3",2013,11,3,,Deliver,5,Scale,51,Case Study,5,51,0,0,0,0.15,0,0,0,0,0,0,0,0,0.05,0,0.35516424791144885,0.5077529242251734,Deliver,5,Scale,51
82,Winter 2010,3,clusterThree,Winter 2010,Endowment for a Rainy Day,Burton A Weisbrod; Evelyn D Asch;,"2010: 8, 1",2010,8,1,EXEMPLAR,Deliver,5,Disrupt,52,Case Study,5,52,0,0,0,0.15,0,0,0,0,0,0,0,0,0,0.05,0.08319873316985127,0.7702800321772622,Deliver,5,Disrupt,52
134,Spring 2018,3,clusterThree,Spring 2018,Making Founder Successions Work,Jari Tuomala; Donald Yeh; Katie Smith Milway;,"2018: 16,2",2018,16,2,EXEMPLAR,Deliver,5,Disrupt,52,Interviews,5,52,0,0,0,0.15,0,0,0,0,0,0,0,0,0,0.05,0.384595890023451,0.6430095803595811,Deliver,5,Disrupt,52
168,Fall 2009,3,clusterThree,Fall 2009,Recreating Fine Arts Institutions,Diane E Ragsdale;,"2009: 7, 4",2009,7,4,EXEMPLAR,Deliver,5,Disrupt,52,Case Study,5,52,0,0,0,0.15,0,0,0,0,0,0,0,0,0,0.05,0.7505013208281515,0.16762995450650545,Deliver,5,Disrupt,52
270,Fall 2010,2,clusterTwo,Fall 2010,Turning Values into Action,Mary C Gentile;,"2010: 8, 4",2010,8,4,EXEMPLAR,Explore,1,Call,11,Logic,1,11,0.15,0,0,0,0.05,0,0,0,0,0,0,0,0,0,-0.24062155452920286,0.19819689560030088,Explore,1,Call,11
33,Fall 2012,2,clusterTwo,Fall 2012,Broader Evidence for Bigger Impact,Lisbeth B Schorr;,"2012: 10, 4",2012,10,4,EXEMPLAR,Explore,1,Map,12,Logic,1,12,0.15,0,0,0,0,0.05,0,0,0,0,0,0,0,0,0.3690540505635481,-0.3727147914619503,Explore,1,Map,12
35,Winter 2018,2,clusterTwo,Winter 2018,Can Measures Change the World?,Christopher Nelson; Anita Chandra; Carolyn Miller;,"2018: 16,1",2018,16,1,EXEMPLAR,Explore,1,Map,12,Reporting,1,12,0.15,0,0,0,0,0.05,0,0,0,0,0,0,0,0,0.13013170629872706,-0.5317542550506599,Explore,1,Map,12
41,Summer 2017,2,clusterTwo,Summer 2017,Caught in a Fake Debate,Annie Duflo; Heidi McAnnally-Linz,"2017: 15, 3",2017,15,3,EXEMPLAR,Explore,1,Map,12,Reporting,1,12,0.15,0,0,0,0,0.05,0,0,0,0,0,0,0,0,0.40389047582191145,-0.4673561473341215,Explore,1,Map,12
138,Summer 2010,2,clusterTwo,Summer 2010,Measuring Social Value,Geoff Mulgan;,"2010: 8, 3",2010,8,3,EXEMPLAR,Explore,1,Map,12,Logic,1,12,0.15,0,0,0,0,0.05,0,0,0,0,0,0,0,0,0.011392034357924323,-0.12203941785646365,Explore,1,Map,12
212,Summer 2017,2,clusterTwo,Summer 2017,The Generalizability Puzzle,Mary Ann Bates; Rachel Glennerster,"2017: 15, 3",2017,15,3,EXEMPLAR,Explore,1,Map,12,Reporting,1,12,0.15,0,0,0,0,0.05,0,0,0,0,0,0,0,0,0.07894951046446884,-0.5070504602313156,Explore,1,Map,12
276,Summer 2016,2,clusterTwo,Summer 2016,Using Data for Action and for Impact,Jim Fruchterman;,"2016: 14, 3",2016,14,3,EXEMPLAR,Explore,1,Map,12,Reporting,1,12,0.15,0,0,0,0,0.05,0,0,0,0,0,0,0,0,0.5442674588148808,-0.20322438682691746,Explore,1,Map,12
287,Summer 2004,2,clusterTwo,Summer 2004,Why Measure?,Katie Cunningham; Marc Ricks;,"2004: 2, 1",2004,2,1,,Explore,1,Map,12,Interviews,1,12,0.15,0,0,0,0,0.05,0,0,0,0,0,0,0,0,0.5255199526761971,0.08367754147278053,Explore,1,Map,12
17,Spring 2006,2,clusterTwo,Spring 2006,Act on Facts Not Faith,Jeffrey Pfeffer; Robert I Sutton;,"2006: 4, 1",2006,4,1,EXEMPLAR,Explore,1,Map,12,Case Study,1,12,0.15,0,0,0,0,0.05,0,0,0,0,0,0,0,0,0.1708010439954554,-0.19533876373249395,Explore,1,Map,12
36,Fall 2015,2,clusterTwo,Fall 2015,Can We Measure Media Impact? Reading Between the Lines,Chip Giller; Katharine Wroth;,"2015: 13, 4",2015,13,4,,Deliver,5,Disrupt,52,Reporting,5,52,0,0,0,0.15,0,0,0,0,0,0,0,0,0,0.05,0.6067007846938488,-0.29764279739081617,Finance,2,Invest,21
37,Fall 2015,2,clusterTwo,Fall 2015,Can We Measure Media Impact? Surveying the Field,Anya Schiffrin; Ethan Zuckerman;,"2015: 13, 4",2015,13,4,EXEMPLAR,Advocacy,4,Frame,41,Reporting,4,41,0,0,0.15,0,0,0,0,0,0,0,0.2,0,0,0,0.4980559225046353,-0.4614185922248664,Finance,2,Invest,21
234,Winter 2013,2,clusterTwo,Winter 2013,The Permanent Disruption of Social Media,Julie Dixon; Denie Keyes;,"2013: 11, 1",2013,11,1,EXEMPLAR,Finance,2,Prospect,22,Interviews,2,22,0,0,0,0,0,0,0,0.05,0,0,0,0,0,0,0.34819844306760417,-0.4604855101343003,Finance,2,Prospect,22
79,Fall 2006,2,clusterTwo,Fall 2006,Drowning in Data,Alana Conner Snibbe;,"2006: 4, 3",2006,4,3,EXEMPLAR,Explore,1,Map,12,Reporting,1,12,0.15,0,0,0,0,0.05,0,0,0,0,0,0,0,0,0.5727779627429535,-0.05549470939272665,Design,3,Collect,31
22,Spring 2013,2,clusterTwo,Spring 2013,Assessing Advocacy,Ivan Barkhorn; Nathan Huttner; Jason Blau;,"2013: 11, 2",2013,11,2,,Advocacy,4,Frame,41,Case Study,4,41,0,0,0.15,0,0,0,0,0,0,0,0.2,0,0,0,0.6056354935341617,0.28969306505425146,Advocacy,4,Frame,41
49,Fall 2012,2,clusterTwo,Fall 2012,Climate Science as Culture War,Andrew J Hoffman;,"2012: 10, 4",2012,10,4,EXEMPLAR,Advocacy,4,Frame,41,Logic,4,41,0,0,0.15,0,0,0,0,0,0,0,0.2,0,0,0,-0.14270288084437507,-0.7498167930199096,Advocacy,4,Frame,41
200,Spring 2018,2,clusterTwo,Spring 2018,The Civic Science Imperative,Elizabeth Good Christopherson; Bietram A. Schuefele; Brooke Smith;,"2018: 16,2",2018,16,2,,Advocacy,4,Frame,41,Logic,4,41,0,0,0.15,0,0,0,0,0,0,0,0.2,0,0,0,0.2064790274936325,-0.5946831781680472,Advocacy,4,Frame,41
204,Winter 2011,2,clusterTwo,Winter 2011,The Dragonfly Effect,Jennifer Aaker; Andy Smith;,"2011: 9, 1",2011,9,1,EXEMPLAR,Advocacy,4,Frame,41,Logic,4,41,0,0,0.15,0,0,0,0,0,0,0,0.2,0,0,0,0.12995863286766418,-0.30355124851917803,Advocacy,4,Frame,41
21,Winter 2004,2,clusterTwo,Winter 2004,Are You Giving Away the Store?,Margaret A Neale;,"2004: 2, 3",2004,2,3,,Advocacy,4,Ratify,42,Logic,4,42,0,0,0.15,0,0,0,0,0,0,0,0,0.1,0,0,0.012615473806702636,-0.3948368592906517,Advocacy,4,Ratify,42
205,Summer 2011,2,clusterTwo,Summer 2011,The Elusive Craft of Evaluating Advocacy,Steven Teles; Mark Schmitt;,"2011: 9, 3",2011,9,3,,Advocacy,4,Ratify,42,Reporting,4,42,0,0,0.15,0,0,0,0,0,0,0,0,0.1,0,0,0.3200485689603554,-0.3966456417093356,Advocacy,4,Ratify,42
281,Fall 2010,2,clusterTwo,Fall 2010,What Civil Society Needs,Bruce Sievers;,"2010: 8, 4",2010,8,4,EXEMPLAR,Advocacy,4,Ratify,42,Reporting,4,42,0,0,0.15,0,0,0,0,0,0,0,0,0.1,0,0,0.5588884966576455,-0.2401721686677809,Advocacy,4,Ratify,42
106,Winter 2018,2,clusterTwo,Winter 2018,How Field Catalysts Galvanize Social Change,Taz Hussein; Matt Plummer; Bill Breen;,"2018: 16,1",2018,16,1,,Deliver,5,Scale,51,Case Study,5,51,0,0,0,0.15,0,0,0,0,0,0,0,0,0.05,0,0.26037451949955315,-0.2331207088356393,Deliver,5,Scale,51
163,Spring 2014,2,clusterTwo,Spring 2014,Programs Aren't Everything,Lehn M Benjamin; David C Campbell;,"2014: 12, 2",2014,12,2,,Deliver,5,Disrupt,52,Case Study,5,52,0,0,0,0.15,0,0,0,0,0,0,0,0,0,0.05,0.6414989325190235,-0.0880995282296165,Deliver,5,Disrupt,52
174,Winter 2005,2,clusterTwo,Winter 2005,Reversing Burnout,Christina Maslach; Michael P Leiter;,"2005: 3, 4",2005,3,4,EXEMPLAR,Deliver,5,Disrupt,52,Interviews,5,52,0,0,0,0.15,0,0,0,0,0,0,0,0,0,0.05,0.25323154633801226,-0.33636648491234283,Deliver,5,Disrupt,52
155,Winter 2003,1,clusterOne,Winter 2003,Partnerships for Learning,Ted London; Dennis Rondinelli;,"2003: 1, 3",2003,1,3,,Finance,2,Prospect,22,Interviews,2,22,0,0,0,0,0,0,0,0.05,0,0,0,0,0,0,0.05711450347297657,-0.3590162306993681,Explore,1,Call,11
76,Fall 2017,1,clusterOne,Fall 2017,Do Benefit Corporations Respect Human Rights?,Joanne Bauer; Elizabeth Umlas,"2017: 15, 4",2017,15,3,EXEMPLAR,Finance,2,Prospect,22,Case Study,2,22,0,0,0,0,0,0,0,0.05,0,0,0,0,0,0,-0.43624611497192667,-0.5526184189607182,Explore,1,Map,12
97,Fall 2014,1,clusterOne,Fall 2014,Global Problem Solving Without the Globaloney,Pankaj Ghemawat;,"2014: 12, 4",2014,12,4,,Explore,1,Map,12,Interviews,1,12,0.15,0,0,0,0,0.05,0,0,0,0,0,0,0,0,-0.3375430011227415,0.04917268564665992,Explore,1,Map,12
224,Fall 2015,1,clusterOne,Fall 2015,The New Face of Corporate Activism,Gerald F Davis; Christopher J White;,"2015: 13, 4",2015,13,4,EXEMPLAR,Finance,2,Prospect,22,Logic,2,22,0,0,0,0,0,0,0,0.05,0,0,0,0,0,0,-0.33775951064049115,-0.6034173018991172,Explore,1,Call,12
257,Fall 2004,1,clusterOne,Fall 2004,The Tempered Radicals,Debra E Meyerson;,"2004: 2, 2",2004,2,2,,Explore,1,Map,12,Interviews,1,12,0.15,0,0,0,0,0.05,0,0,0,0,0,0,0,0,-0.1831861262455064,-0.21093639791857385,Explore,1,Map,12
99,Spring 2003,1,clusterOne,Spring 2003,Going Head to Head,David P Baron;,"2003: 1, 1",2003,1,1,EXEMPLAR,Finance,2,Invest,21,Case Study,2,21,0,0,0,0,0,0,0.05,0,0,0,0,0,0,0,-0.16646087178319768,-0.40470465295348906,Finance,2,Invest,21
157,Summer 2005,1,clusterOne,Summer 2005,Philanthropy Inc.,Keith Epstein;,"2005: 3, 2",2005,3,2,,Finance,2,Invest,21,Reporting,2,21,0,0,0,0,0,0,0.05,0,0,0,0,0,0,0,-0.05576009353659474,-0.15200754510608736,Finance,2,Invest,21
5,Summer 2007,1,clusterOne,Summer 2007,A New Era for Business,Scott C Beardsley; Sheila Bonini; Lenny Mendonca; Jeremy Oppenheim;,"2007: 5, 3",2007,5,3,,Finance,2,Prospect,22,Reporting,2,22,0,0,0,0,0,0,0,0.05,0,0,0,0,0,0,-0.3127863161696595,-0.3418487032755646,Finance,2,Prospect,22
44,Spring 2006,1,clusterOne,Spring 2006,Changing the Game,Mark Kramer; John Kania;,"2006: 4, 1",2006,4,1,,Finance,2,Prospect,22,Case Study,2,22,0,0,0,0,0,0,0,0.05,0,0,0,0,0,0,-0.09215472464252177,-0.07108900546608314,Finance,2,Prospect,22
55,Winter 2012,1,clusterOne,Winter 2012,Connecting Heart to Head,Ram Nidumolu; Kevin Kramer; Jochen Zeitz;,"2012: 10, 1",2012,10,1,,Finance,2,Prospect,22,Case Study,2,22,0,0,0,0,0,0,0,0.05,0,0,0,0,0,0,-0.4775539895491942,-0.16084983670720554,Finance,2,Prospect,22
81,Spring 2015,1,clusterOne,Spring 2015,Empowering Women at the Grassroots,Marissa Wesely; Dina Dublon;,"2015: 13, 2",2015,13,2,,Finance,2,Prospect,22,Case Study,2,22,0,0,0,0,0,0,0,0.05,0,0,0,0,0,0,-0.35780778909416905,-0.437196175892414,Finance,2,Prospect,22
95,Winter 2008,1,clusterOne,Winter 2008,Getting Human Rights Right,Jenik Radon; Margo Tatgenhorst Drakos; Tarek Farouk Maassarani;,"2008: 6, 1",2008,6,1,EXEMPLAR,Finance,2,Prospect,22,Reporting,2,22,0,0,0,0,0,0,0,0.05,0,0,0,0,0,0,-0.6898456764303774,-0.1310403847649813,Finance,2,Prospect,22
164,Fall 2009,1,clusterOne,Fall 2009,Public-Private Alliances Transform Aid,Andrew S Natsios;,"2009: 7, 4",2009,7,4,,Finance,2,Prospect,22,Case Study,2,22,0,0,0,0,0,0,0,0.05,0,0,0,0,0,0,-0.4883518925827899,0.09185934231757648,Finance,2,Prospect,22
187,Fall 2011,1,clusterOne,Fall 2011,Sourcing Locally for Impact,Ethan B Kapstein; Ren Kim;,"2011: 9, 4",2011,9,4,,Finance,2,Prospect,22,Case Study,2,22,0,0,0,0,0,0,0,0.05,0,0,0,0,0,0,-0.33011443911558097,-0.15139332190968505,Finance,2,Prospect,22
216,Summer 2009,1,clusterOne,Summer 2009,The Hidden Costs of Cause Marketing,Angela M Eikenberry;,"2009: 7, 3",2009,7,3,EXEMPLAR,Finance,2,Prospect,22,Theory,2,22,0,0,0,0,0,0,0,0.05,0,0,0,0,0,0,-0.1757063554505064,-0.3409133493227792,Finance,2,Prospect,22
222,Fall 2005,1,clusterOne,Fall 2005,The Myth of CSR,Deborah Doane;,"2005: 3, 3",2005,3,3,EXEMPLAR,Finance,2,Invest,21,Reporting,2,21,0,0,0,0,0,0,0.05,0,0,0,0,0,0,0,-0.3251396753750739,-0.25088546888770713,Finance,2,Prospect,22
227,Spring 2018,1,clusterOne,Spring 2018,The Next Phase of Business Sustainability,Andrew J. Hoffman;,"2018: 16,2",2018,16,2,,Finance,2,Prospect,42,Reporting,2,42,0,0,0,0,0,0,0,0,0,0,0,0.1,0,0,-0.3231647208630168,-0.18986211967601374,Finance,2,Prospect,22
230,Fall 2006,1,clusterOne,Fall 2006,The Other CSR,Timothy M Devinney; Patrice Auger; Giana Eckhardt; Thomas Birtchnell;,"2006: 4, 3",2006,4,3,EXEMPLAR,Finance,2,Prospect,22,Logic,2,22,0,0,0,0,0,0,0,0.05,0,0,0,0,0,0,-0.47138957906205997,-0.5208241629450096,Finance,2,Prospect,22
259,Fall 2012,1,clusterOne,Fall 2012,The Truth About Ben and Jerry's,Antony Page; Robert A Katz;,"2012: 10, 4",2012,10,4,,Finance,2,Prospect,22,Logic,2,22,0,0,0,0,0,0,0,0.05,0,0,0,0,0,0,-0.6693158423298842,0.07858678449033893,Finance,2,Prospect,22
264,Summer 2010,1,clusterOne,Summer 2010,Thinking Straight About Sustainability,Marc J Epstein;,"2010: 8, 3",2010,8,3,EXEMPLAR,Finance,2,Prospect,22,Interviews,2,22,0,0,0,0,0,0,0,0.05,0,0,0,0,0,0,-0.3811407647695171,-0.2751026634851932,Finance,2,Prospect,22
277,Spring 2015,1,clusterOne,Spring 2015,Using Economic Forces to Conserve Nature,John Reid; Aaron Bruner; Alfonso Malky;,"2015: 13, 2",2015,13,2,EXEMPLAR,Design,3,Collect,31,Logic,3,31,0,0.15,0,0,0,0,0,0,0.2,0,0,0,0,0,-0.31056645306326736,-0.40523033146111903,Design,3,Collect,31
24,Spring 2004,1,clusterOne,Spring 2004,Best of Breed,Philip Kotler; Nancy Lee;,"2004: 1, 4",2004,1,4,EXEMPLAR,Advocacy,4,Frame,41,Case study,4,41,0,0,0.15,0,0,0,0,0,0,0,0.2,0,0,0,-0.10811430359685133,-0.3837687006095712,Advocacy,4,Frame,41
181,Spring 2009,1,clusterOne,Spring 2009,Shades of Green,Andrew J Hoffman;,"2009: 7, 2",2009,7,2,,Advocacy,4,Frame,41,Interviews,4,41,0,0,0.15,0,0,0,0,0,0,0,0.2,0,0,0,-0.08343870891405518,-0.5956500134394171,Advocacy,4,Frame,41
14,Summer 2011,1,clusterOne,Summer 2011,Achieving Sustainability Through Integrated Reporting,Robert G Eccles; Daniela Saltzman;,"2011: 9, 3",2011,9,3,,Advocacy,4,Ratify,42,Case study,4,42,0,0,0.15,0,0,0,0,0,0,0,0,0.1,0,0,-0.6193071744062822,0.053650650994367534,Advocacy,4,Ratify,42
103,Fall 2007,1,clusterOne,Fall 2007,Harnessing Purity and Pragmatism,Alana Conner; Keith Epstein;,"2007: 5, 4",2007,5,4,,Advocacy,4,Ratify,42,Reporting,4,42,0,0,0.15,0,0,0,0,0,0,0,0,0.1,0,0,0.05457502119959748,-0.26496553488492514,Advocacy,4,Ratify,42
127,Winter 2009,1,clusterOne,Winter 2009,Lobbying for Good,Kyle Peterson; Marc Pfitzer;,"2009: 7, 1",2009,7,1,EXEMPLAR,Advocacy,4,Ratify,42,Case Study,4,42,0,0,0.15,0,0,0,0,0,0,0,0,0.1,0,0,-0.44218184981003184,-0.3627217143309742,Advocacy,4,Ratify,42
249,Winter 2008,1,clusterOne,Winter 2008,The Responsibility Paradox,Gerald F Davis; Marina VN Whitman; Mayer Zald;,"2008: 6, 1",2008,6,1,,Finance,2,Prospect,22,Reporting,2,22,0,0,0,0,0,0,0,0.05,0,0,0,0,0,0,-0.3329003847762799,-0.3099417991482032,Advocacy,4,Ratify,42
83,Fall 2016,1,clusterOne,Fall 2016,Engaging Employees to Create a Sustainable Business,Paul Polman; CB Bhattacharya;,"2016: 14, 4",2016,14,4,,Deliver,5,Disrupt,52,Reporting,5,52,0,0,0,0.15,0,0,0,0,0,0,0,0,0,0.05,-0.5738210849792662,-0.34795959817356803,Deliver,5,Disrupt,52
38,Winter 2007,0,clusterZero,Winter 2007,Capitalizing on Convergence,James E Austin; Roberto Gutirrez; Enrique Ogliastri; Ezequiel Reficco;,"2007: 5, 1",2007,5,1,,Finance,2,Prospect,22,Survey,2,22,0,0,0,0,0,0,0,0.05,0,0,0,0,0,0,-0.01833465657140389,0.12427343755183755,Explore,1,Call,12
89,Spring 2011,0,clusterZero,Spring 2011,For Love or Lucre,Jim Fruchterman;,"2011: 9, 2",2011,9,2,EXEMPLAR,Explore,1,Map,12,Logic,1,12,0.15,0,0,0,0,0.05,0,0,0,0,0,0,0,0,-0.08440316020431735,0.3806864361437417,Explore,1,Map,12
9,Fall 2014,0,clusterZero,Fall 2014,A New Vision for Funding Science,Sarah Kearney; Fiona Murray; Matthew Nordan;,"2014: 12, 4",2014,12,4,EXEMPLAR,Finance,2,Invest,21,Case Study,2,21,0,0,0,0,0,0,0.05,0,0,0,0,0,0,0,-0.02692059203933664,0.4287648514142776,Finance,2,Invest,21
16,Winter 2017,0,clusterZero,Winter 2017,Across the Returns Continuum,Matt Bannick; Paula Goldman; Michael Kubzansky; Yasemin Saltuk,"2017: 15, 1",2017,15,1,EXEMPLAR,Finance,2,Invest,21,Reporting,2,21,0,0,0,0,0,0,0.05,0,0,0,0,0,0,0,-0.3289695467121205,0.3087134006413508,Finance,2,Invest,21
34,Winter 2009,0,clusterZero,Winter 2009,Calculated Impact,Paul Brest; Hal Harvey; Kelvin Low;,"2009: 7, 1",2009,7,1,,Finance,2,Invest,21,Case Study,2,21,0,0,0,0,0,0,0.05,0,0,0,0,0,0,0,0.09064587759567028,0.5211544410271823,Finance,2,Invest,21
62,Summer 2014,0,clusterZero,Summer 2014,Creative Financing for Social Enterprise,Dana Brakman Reiser; Steven A Dean;,"2014: 12, 3",2014,12,3,,Finance,2,Invest,21,Logic,2,21,0,0,0,0,0,0,0.05,0,0,0,0,0,0,0,-0.503597943477733,0.4292421095342921,Finance,2,Invest,21
117,Spring 2004,0,clusterZero,Spring 2004,Investing in Society,William F Meehan; Derek Kilmer; Maisie O'Flanagan;,"2004: 1, 4",2004,1,4,,Finance,2,Invest,21,Case Study,2,21,0,0,0,0,0,0,0.05,0,0,0,0,0,0,0,0.1239387354355702,0.20648648864971075,Finance,2,Invest,21
147,Fall 2008,0,clusterZero,Fall 2008,Money to Grow On,William Foster;,"2008: 6, 4",2008,6,4,,Finance,2,Invest,21,Case Study,2,21,0,0,0,0,0,0,0.05,0,0,0,0,0,0,0,0.2197504619129356,0.3530096502260101,Finance,2,Invest,21
161,Fall 2007,0,clusterZero,Fall 2007,Private Equity Public Good,Beth Sirull;,"2007: 5, 4",2007,5,4,,Finance,2,Prospect,22,Reporting,2,22,0,0,0,0,0,0,0,0.05,0,0,0,0,0,0,-0.2478671787817576,0.5721196741376869,Finance,2,,21
208,Summer 2008,0,clusterZero,Summer 2008,The Equity Capital Gap,Clara Miller;,"2008: 6, 3",2008,6,3,,Finance,2,Invest,21,Logic,2,21,0,0,0,0,0,0,0.05,0,0,0,0,0,0,0,0.1757533723662029,0.4030855273488658,Finance,2,Invest,21
219,Winter 2018,0,clusterZero,Winter 2018,The Investment Gap That Threatens the Planet,Scott P. Burger; Fiona Murray; Sarah Kearney; and Liquian Ma;,"2018: 16,1",2018,16,1,,Finance,2,Invest,21,Reporting,2,21,0,0,0,0,0,0,0.05,0,0,0,0,0,0,0,-0.3087839436180648,0.5385843563757986,Finance,2,Invest,21
239,Fall 2007,0,clusterZero,Fall 2007,The Power of Strategic Mission Investing,Mark R Kramer; Sarah E Cooch;,"2007: 5, 4",2007,5,4,EXEMPLAR,Finance,2,Invest,21,Case Study,2,21,0,0,0,0,0,0,0.05,0,0,0,0,0,0,0,0.11160325884652167,0.6083956958341694,Finance,2,Invest,21
250,Fall 2014,0,clusterZero,Fall 2014,The Rise of Gender Capitalism,Sarah Kaplan; Jackie VanderBrug;,"2014: 12, 4",2014,12,4,,Finance,2,Invest,21,Logic,2,21,0,0,0,0,0,0,0.05,0,0,0,0,0,0,0,-0.4339654978993003,0.4635226168497481,Finance,2,Invest,21
251,Winter 2012,0,clusterZero,Winter 2012,The Rise of Social Capital Market Intermediaries,Bill Meehan; Kim Jonker;,"2012: 10, 1",2012,10,1,EXEMPLAR,Finance,2,Invest,21,Reporting,2,21,0,0,0,0,0,0,0.05,0,0,0,0,0,0,0,0.14823413091270898,0.18851360968313047,Finance,2,Invest,21
268,Winter 2017,0,clusterZero,Winter 2017,Toward the Efficient Impact Frontier,Michael McCreless;,"2017: 15, 1",2017,15,1,EXEMPLAR,Finance,2,Invest,21,Case Study,2,21,0,0,0,0,0,0,0.05,0,0,0,0,0,0,0,-0.4306982035450633,0.5759569331137051,Finance,2,Invest,21
285,Spring 2003,0,clusterZero,Spring 2003,When Time Isn't Money,Michael Klausner; Jonathan Small;,"2003: 1, 1",2003,1,1,,Finance,2,Invest,21,Logic,2,21,0,0,0,0,0,0,0.05,0,0,0,0,0,0,0,0.15523181202215494,0.5668238026458007,Finance,2,Invest,21
286,Summer 2003,0,clusterZero,Summer 2003,Where Money Meets Mission,Jed Emerson;,"2003: 1, 2",2003,1,2,EXEMPLAR,Finance,2,Invest,21,Reporting,2,21,0,0,0,0,0,0,0.05,0,0,0,0,0,0,0,0.09505645807444904,0.439652813246127,Finance,2,Invest,21
152,Spring 2016,0,clusterZero,Spring 2016,New Approaches to Ed-Tech Funding,Julie Petersen; Shauntel Poulson;,"2016: 14, 2",2016,14,2,,Finance,2,Prospect,22,Case Study,2,22,0,0,0,0,0,0,0,0.05,0,0,0,0,0,0,0.015286986775368766,0.5823377119425718,Finance,2,Prospect,22
209,Spring 2008,0,clusterZero,Spring 2008,The Funding Gap,Michael Chertok; Jeff Hamaoui: Eliot Jamison;,"2008: 6, 2",2008,6,2,EXEMPLAR ,Finance,2,Prospect,22,Reporting,2,22,0,0,0,0,0,0,0,0.05,0,0,0,0,0,0,-0.22838354998586,0.5294652503741262,Finance,2,Prospect,22
214,Summer 2013,0,clusterZero,Summer 2013,The Growth of European Venture Philanthropy,Lenora Buckland; Lisa Hehenberger; Michael Hay;,"2013: 11, 3",2013,11,3,,Finance,2,Prospect,22,Reporting,2,22,0,0,0,0,0,0,0,0.05,0,0,0,0,0,0,-0.11368598798565445,0.6645745179755542,Finance,2,Prospect,22
50,Winter 2013,0,clusterZero,Winter 2013,Closing the Pioneer Gap,Sasha Dichter; Robert Katz; Harvey Koh; Ashish Karamchandani;,"2013: 11, 1",2013,11,1,EXEMPLAR,Deliver,5,Scale,51,Interviews,5,51,0,0,0,0.15,0,0,0,0,0,0,0,0,0.05,0,-0.1886374062112588,0.3436023439684772,Deliver,5,Scale,51