,Class,newClusters,colorStyle,Sentence, num,After,Berfore,During,Intro,Outside Analysis,Personal,Type of Care,Before,xs,ys
0,Intro,0,clusterZero, 'The complaint focused on the ineffectiveness of (free) health services citing problems such as poor diagnosis lack of <span>treatment</span> and failure to <span>cover</span> the <span>costs</span> of treating certain health conditions.',100,0,0,0,0.3,0,0,0,0,-0.03953726602688570,-0.11900477549141000
1,Intro,0,clusterZero, 'The <span>treatment</span> journey is a tiring one. Most people do not follow up or return for <span>treatment</span> because of the bad first experience.',100,0,0,0,0.3,0,0,0,0,-0.09709340848122590,-0.5761409355518230
25,Berfore,0,clusterZero, 'They visit a doctor to obtain <span>treatment</span> and diagnosis.',100,0,1,0,0,0,0,0,0.3,-0.4734522813813140,-0.2859884385661960
32,Berfore,0,clusterZero, 'Conducting all tests or follow-up medical <span>treatment</span> necessary even if he had to incur the full <span>costs</span> of the <span>treatment</span> and diagnosis and was unable to find an entity to provide free <span>treatment</span> or financial support <span>cover</span>ing the <span>costs</span> of <span>treatment</span>.',100,0,1,0,0,0,0,0,0.3,-0.3055427012236970,-0.48651948871865000
35,Berfore,0,clusterZero, 'However he does not mind incurring the <span>costs</span> and burden of moving to another governorate for medical <span>treatment</span> if it is free and if the service is excellent.',100,0,1,0,0,0,0,0,0.3,-0.15487087821570000,-0.42125331268538000
43,Berfore,0,clusterZero, 'They prefer going to a private doctor and bearing the <span>costs</span> of <span>treatment</span> thus saving time effort and travel <span>costs</span>.',100,0,1,0,0,0,0,0,0.3,-0.4262753569535360,-0.41336634056503000
90,During,0,clusterZero, 'He asked me to undergo tomography but I cannot <span>cover</span> the <span>cost</span> of that.',100,0,0,0.3,0,0,0,0,0,-0.49249302245854500,-0.5692251517971450
109,During,0,clusterZero,'They pointed out that they have already paid a minimum of 4 JDs for the doctor at this point so they deserve to be examined and given <span>treatment</span>.',100,0,0,0.3,0,0,0,0,0,-0.4034249000035200,-0.33279382432193600
121,During,0,clusterZero,Ineffectiveness / Discontent / Difficulty / Fatigue / High <span>cost</span> / Poor Regulation / Lack of Credibility.,,0,0,0.3,0,0,0,0,0,-0.5495256360217830,-0.5363023333795340
147,After,0,clusterZero, 'Some of them did not complete their <span>treatment</span> because of their inability to <span>cover</span> the <span>costs</span> of <span>treatment</span>.',100,0.3,0,0,0,0,0,0,0,-0.3569377458454070,-0.5169160085504070
160,After,0,clusterZero,Follow-up <span>treatment</span> with the patient during the sickness. The <span>cost</span> for the follow-up was low.,,0.3,0,0,0,0,0,0,0,-0.4258342359583930,-0.516584989449689
177,Outside Analysis,0,clusterZero, 'If only there is a <span>treatment</span> center for burns and cosmetic <span>treatment</span>.',100,0,0,0,0,0.3,0,0,0,-0.19396650538661100,-0.579190934056595
178,Outside Analysis,0,clusterZero, 'If only there is <span>treatment</span> and <span>cover</span>age for the <span>cost</span> of delivery and childbirth.',100,0,0,0,0,0.3,0,0,0,-0.4308921747691380,-0.5589894973983680
180,Outside Analysis,0,clusterZero, 'I wish there was full <span>cover</span>age of the <span>costs</span> of medications and at least partial <span>cover</span>age of the <span>costs</span> of operations.',100,0,0,0,0,0.3,0,0,0,-0.16870554859789000,-0.6505185844587090
197,Outside Analysis,0,clusterZero, 'Indeed she went to Rahma Hospital and had to <span>cover</span> the <span>cost</span> of transportation.',100,0,0,0,0,0.3,0,0,0,-0.6099546845731980,-0.04374487510739420
205,Outside Analysis,0,clusterZero, 'She endured a lot but still looks for someone to help her <span>cover</span> the <span>cost</span> of <span>treatment</span> for her and her children.',100,0,0,0,0,0.3,0,0,0,-0.323152198400737,-0.5429614566681320
221,Outside Analysis,0,clusterZero, 'They also confirmed that the only thing they want is medical <span>treatment</span> and medicine that is accessible to everyone.',100,0,0,0,0,0.3,0,0,0,-0.10009572294005500,-0.6703069755125900
232,Personal,0,clusterZero, 'They cannot find <span>treatment</span> and there is no one who can <span>cover</span> the expenses of their <span>treatment</span>.',100,0,0,0,0,0,0.3,0,0,-0.31967015551327400,-0.5861969187762280
233,Personal,0,clusterZero, 'No organization can afford to fully <span>cover</span> the <span>cost</span> of their <span>treatment</span>.',100,0,0,0,0,0,0.3,0,0,-0.37515724822178100,-0.5478504907105610
235,Personal,0,clusterZero, 'Some go to organizations believing that they will find <span>treatment</span> but they find nothing and have to endure the <span>cost</span> of transportation.',100,0,0,0,0,0,0.3,0,0,-0.4541463876057250,-0.44514213646533400
248,Personal,0,clusterZero, 'Others wish IRC would open a department to provide healthcare services respond to all their health needs and <span>cover</span> the expenses and the <span>cost</span> of <span>treatment</span> and emergency operations for them and their children.',100,0,0,0,0,0,0.3,0,0,-0.061813241922164000,-0.3403054714563260
26,Berfore,1,clusterOne, 'Mobility is a burden with more than one <span>child</span>.',100,0,1,0,0,0,0,0,0.3,0.08172152786472890,0.7630339827534040
76,Berfore,1,clusterOne,We also had an emergency - my <span>child</span>'s tongue was cut due to an accident.,,0,1,0,0,0,0,0,0.3,0.08172152786473130,0.7630339827534050
103,During,1,clusterOne, 'I hope all organizations <span>treat</span> people that way I am <span>treat</span>ed.',100,0,0,0.3,0,0,0,0,0,0.3216910587537930,0.4542295096483950
123,During,1,clusterOne,I also <span>went</span> to a government <span>hospital</span> / paid 50% of the original price - the reason I did not go to organizations is because they do not have an ER.,,0,0,0.3,0,0,0,0,0,-0.5094418391129750,0.17697038040931300
124,During,1,clusterOne,We <span>went</span> to a government <span>hospital</span> and paid 50% of the original price and <span>treat</span>ment was provided quickly as I was admitted to the ER.,,0,0,0.3,0,0,0,0,0,-0.5396179920087630,0.07570974545536620
125,During,1,clusterOne,We <span>went</span> to the Emirati center - I did not have the documents and my <span>treat</span>ment was delayed 20 days.,,0,0,0.3,0,0,0,0,0,-0.5353587487483490,-0.17094987767866800
127,During,1,clusterOne,We <span>went</span> to the Emirates <span>Hospital</span> and received medications very quickly.,,0,0,0.3,0,0,0,0,0,-0.46037234650190400,0.1391574968155310
130,During,1,clusterOne,We <span>went</span> to the Emirates <span>Hospital</span> where we were <span>treat</span>ed 20 days later - we felt happy and cooperative.,,0,0,0.3,0,0,0,0,0,-0.5129787054763340,0.3562762123689720
155,After,1,clusterOne,Things <span>went</span> good and <span>treat</span>ment was followed up.,,0.3,0,0,0,0,0,0,0,-0.6090115989658880,-0.23115977942386300
175,Outside Analysis,1,clusterOne, 'She encountered a problem and he <span>treat</span>ed her humanely neglecting the routine procedures and <span>treating</span> her daughter.',100,0,0,0,0,0.3,0,0,0,0.23702025108674300,0.6814688522060510
184,Outside Analysis,1,clusterOne, 'She did not provide me with the full stages that she <span>went</span> through during the <span>treat</span>ment.',100,0,0,0,0,0.3,0,0,0,-0.4086388785792550,-0.6007315272737330
194,Outside Analysis,1,clusterOne, 'They <span>went</span> to the government <span>hospital</span> in Zatari camp but the doctor refused to <span>treat</span> the <span>child</span> and told her that he has no UNHCR ID card or any identification papers to prove his nationality.',100,0,0,0,0,0.3,0,0,0,-0.2754924874689290,0.4360968263438360
195,Outside Analysis,1,clusterOne, 'The <span>child</span>'s condition was very deplorable and critical but the doctor ignored her pleas.',100,0,0,0,0,0.3,0,0,0,-0.04711767752125890,0.5879880595869620
198,Outside Analysis,1,clusterOne, 'She thought the new <span>hospital</span> would <span>treat</span> her just like the one in the camp.',100,0,0,0,0,0.3,0,0,0,-0.4812432697008390,0.43367973056049400
199,Outside Analysis,1,clusterOne,'So she decided to admit the <span>child</span> under the name of her 3-year-old daughter despite the risks associated with admitting him as a younger female.',100,0,0,0,0,0.3,0,0,0,0.08172152786472890,0.7630339827534040
201,Outside Analysis,1,clusterOne,'After the <span>child</span> was <span>treat</span>ed she was presented with a 130 JDs bill which she could not afford.',100,0,0,0,0,0.3,0,0,0,0.1179297639009310,0.7126003244254900
203,Outside Analysis,1,clusterOne, 'It was very difficult for this woman and her <span>child</span> who was held hostage for three days until the <span>hospital</span> account was paid.',100,0,0,0,0,0.3,0,0,0,-0.37767104770548300,0.549297594732612
204,Outside Analysis,1,clusterOne, 'The <span>hospital</span> <span>treat</span>ed her and her <span>child</span> as an account not urgent human cases.',100,0,0,0,0,0.3,0,0,0,-0.3080311529011530,0.532806719706838
238,Personal,1,clusterOne, 'On the contrary they feel humiliated and <span>treat</span>ed as papers and IDs.',100,0,0,0,0,0,0.3,0,0,0.20588734675252600,0.6870361876951020
245,Personal,1,clusterOne, 'Others said that IRC appoints people who do not do their jobs well and <span>treat</span> people badly.',100,0,0,0,0,0,0.3,0,0,0.3312656460666980,-0.6798097277936310
2,Intro,2,clusterTwo, 'Poor economic situation is the biggest challenge faced by families and a major obstacle to receiving excellent service in the <span>private</span> sector.',100,0,0,0,0.3,0,0,0,0,-0.2563761567852140,-0.0868766120436559
14,Type of Care,2,clusterTwo, 'The type of care received focused on medical care from: <span>private</span> <span>clinics</span> Emirates Hospital a university health center.',100,0,0,0,0,0,0,0.3,0,0.1495720179000550,-0.23735555636668100
36,Berfore,2,clusterTwo, 'However if the service is not free or requires a small fee he prefers to go to a <span>private</span> <span>clinic</span> in the same area and save effort and the cost of transportation.',100,0,1,0,0,0,0,0,0.3,-0.341054062173574,-0.23178634194946000
52,Berfore,2,clusterTwo, 'If we have difficulty dealing with the health situation we have to go to <span>private</span> and <span>expensive</span> <span>clinics</span>.',100,0,1,0,0,0,0,0,0.3,0.30155720844027900,-0.5351964488957520
56,Berfore,2,clusterTwo, 'When they decided to go to government centers or <span>private</span> <span>clinics</span> some of the women were showing symptoms like headache dizziness general weakness and other symptoms of multiple communicable and non-communicable diseases.',100,0,1,0,0,0,0,0,0.3,0.3112892399450690,-0.5907775536753030
60,Berfore,2,clusterTwo, 'Some discovered that the location of these <span>services</span> is far away from their homes and had to go by a <span>private</span> car at their own <span>expense</span> and pay a lot for transportation.',100,0,1,0,0,0,0,0,0.3,-0.4287983544213930,-0.029320475768614500
64,Berfore,2,clusterTwo, 'They said that they seek treatment at a <span>private</span> <span>clinic</span> where they can run all necessary tests.',100,0,1,0,0,0,0,0,0.3,-0.3187022456935230,-0.6564299636800670
79,During,2,clusterTwo, 'While comparing <span>services</span> in the <span>private</span> and the public sector it was clear that the <span>services</span> of the <span>private</span> sector are the best.',100,0,0,0.3,0,0,0,0,0,-0.33756355769498200,-0.07326269870163500
107,During,2,clusterTwo, 'He then asks them to go to the hospital and transfers them to the <span>private</span> <span>clinics</span>.',100,0,0,0.3,0,0,0,0,0,-0.5761824119284060,0.1822341232498200
129,During,2,clusterTwo,After that we went to a <span>private</span> doctor and he said I needed to undergo surgery as soon as possible.,,0,0,0.3,0,0,0,0,0,-0.5827659648790460,-0.0871561634349166
131,During,2,clusterTwo,Difficulty getting access to free treatment - having to go to a <span>private</span> doctor and cover the <span>expenses</span>.,,0,0,0.3,0,0,0,0,0,-0.2803267337947400,-0.337237146912009
212,Outside Analysis,2,clusterTwo, 'They responded by stating that after a great deal of pain disease and developing symptoms they finally decided to seek treatment at <span>private</span> centers or <span>clinics</span>.',100,0,0,0,0,0.3,0,0,0,-0.07678493073306950,-0.471021217941615
253,Personal,2,clusterTwo, 'They only go to the doctor when their health severely deteriorates and even then they prefer to go to a <span>private</span> doctor and pay for the service although it constitutes a burden.',100,0,0,0,0,0,0.3,0,0,-0.02533337822022850,0.17047477602742400
5,Intro,3,clusterThree, 'Poor financial conditions are a major obstacle to <span>receiving</span> better service and securing <span>treatment</span>.',100,0,0,0,0.3,0,0,0,0,-0.21169215529501000,-0.1370602415682690
30,Berfore,3,clusterThree, 'Not <span>receiving</span> <span>treatment</span> without a doctor diagnosis.',100,0,1,0,0,0,0,0,0.3,-0.42306057242249700,-0.2539545613412350
34,Berfore,3,clusterThree, 'Most of the places of medical service providers are confined to Irbid his city of residence. ',100,0,1,0,0,0,0,0,0.3,0.18419650570400500,-0.5037048164692060
37,Berfore,3,clusterThree, 'As for his experience in <span>receiving</span> <span>treatment</span> his evaluation of the experience varies depending on where he <span>received</span> the <span>treatment</span>.',100,0,1,0,0,0,0,0,0.3,-0.19486934401493200,-0.50308072211254
41,Berfore,3,clusterThree, 'Depending on people networks for <span>information</span>.',100,0,1,0,0,0,0,0,0.3,0.5622749997819320,-0.5522997130332210
42,Berfore,3,clusterThree, 'They are totally unable to go to another governorate to receive <span>treatment</span> even if the service was free of charge because they have children who cannot be left at home or be taken on a <span>treatment</span> trip that might last a full day.',100,0,1,0,0,0,0,0,0.3,-0.09929659056876870,-0.2871680021486770
55,Berfore,3,clusterThree, 'I also hear about the bad <span>treatment</span> some people receive.',100,0,1,0,0,0,0,0,0.3,-0.04521913949352460,-0.6142479793384200
71,Berfore,3,clusterThree, 'All participants confirmed that they receive healthcare <span>information</span> by attending health awareness and education sessions and that they do not trust online <span>information</span> except in rare cases when <span>information</span> is confirmed by a friend or family member.',100,0,1,0,0,0,0,0,0.3,0.6161101661303200,-0.43549751556923500
83,During,3,clusterThree, 'They depend on the <span>information</span> provided by others to help them. They also go to any place they hear about to get the service and make sure it is actually existent.',100,0,0,0.3,0,0,0,0,0,0.5280632417928970,-0.4262866008951750
113,During,3,clusterThree, 'They wish they could find a place with adequate health <span>services</span> since they pay a lot only to receive <span>treatment</span>.',100,0,0,0.3,0,0,0,0,0,0.019690787314646700,-0.09150174866635000
146,After,3,clusterThree, 'It was clear that they have go through a lot of trouble to receive health care and they are suffering because of their health psychological and financial status.',100,0.3,0,0,0,0,0,0,0,0.47608830187634600,0.1063527139904450
148,After,3,clusterThree, 'Some had to sell their furniture to fund the <span>treatment</span> some borrowed money and some of them admit the patient under false <span>information</span> in order to save his/her life.',100,0.3,0,0,0,0,0,0,0,-0.19952827167142400,-0.7213362517428730
174,Outside Analysis,3,clusterThree, 'One woman spoke of a humanitarian service she <span>received</span> from a Chief Practitioner.',100,0,0,0,0,0.3,0,0,0,-0.14869579006569000,-0.061969549193259600
176,Outside Analysis,3,clusterThree, 'She summed it up by saying that the service depends on the doctor.',100,0,0,0,0,0.3,0,0,0,-0.06860714375754800,0.1953460618509420
181,Outside Analysis,3,clusterThree, 'I wish there was Health care can be provided to children and for emergency conditions.',100,0,0,0,0,0.3,0,0,0,0.5328091000360270,-0.017391706204573600
191,Outside Analysis,3,clusterThree, 'So it is a very difficult experience starting with finding the right place for <span>treatment</span> securing the money in a hurry to dealing with the problem of no doctors in a certain shift.',100,0,0,0,0,0.3,0,0,0,-0.18585696041081400,0.1777396804022960
209,Outside Analysis,3,clusterThree, 'I thanked her for providing me with <span>information</span> and she thanked me for listening to her before entrusting me to deliver her voice and story to the officials and those who can create change.',100,0,0,0,0,0.3,0,0,0,0.6161676605167880,-0.4581159027156990
216,Outside Analysis,3,clusterThree, 'All of the women agreed that the <span>services</span> they <span>received</span> did not meet all their needs and that they had to pay large amounts of money in exchange of these <span>services</span>.',100,0,0,0,0,0.3,0,0,0,-0.2695210975348850,0.010288302456921300
222,Outside Analysis,3,clusterThree, 'I thanked them for all the <span>information</span> they provided and when I asked questions about NGOs and IRC they thanked me for caring and listening to them.',100,0,0,0,0,0.3,0,0,0,0.6365027534829460,-0.3624300440166500
224,Outside Analysis,3,clusterThree, 'Finally I concluded the meeting by thanking them and wishing them all the best.',100,0,0,0,0,0.3,0,0,0,0.7940154318271310,-0.012363625787539000
226,Personal,3,clusterThree, 'They want to <span>receive</span> the best care and they possess some knowledge and <span>information</span> that are useful when dealing with emergency cases.',100,0,0,0,0,0,0.3,0,0,0.5265021330816110,-0.5048752100971870
234,Personal,3,clusterThree, 'All of the interviewees are forced to pay a lot of money to <span>receive</span> health care <span>services</span>.',100,0,0,0,0,0,0.3,0,0,0.17398442746175300,-0.02690725753318960
247,Personal,3,clusterThree, 'They wish IRC would take care of this problem because it distorts IRC’s image.',100,0,0,0,0,0,0.3,0,0,0.6144590450678260,0.22556429921084900
4,Intro,4,clusterFour, 'Focus on the weakness of <span>free</span> <span>health</span> <span>services</span> and inaccurate diagnosis.',100,0,0,0,0.3,0,0,0,0,0.15973891732119800,0.07357693648259600
12,Type of Care,4,clusterFour, 'Emphasis was placed on care provided by UNHCR <span>centers</span> or <span>free</span> <span>centers</span> due to the presence of large number of children.',100,0,0,0,0,0,0,0.3,0,0.46552207944856800,-0.3006059920095730
27,Berfore,4,clusterFour, 'The presence of a number of children makes them always vulnerable to emergencies so there is always a visit to <span>health</span> care <span>centers</span>.',100,0,1,0,0,0,0,0,0.3,0.5328658504991830,-0.1376715988486500
28,Berfore,4,clusterFour, 'They depend on asking relatives and friends and the experience of others in knowing <span>centers</span> and <span>services</span>.',100,0,1,0,0,0,0,0,0.3,0.5743353816807300,-0.27779696163405000
33,Berfore,4,clusterFour, 'His battle with chronic diseases:  He is interested in <span>centers</span> that provide periodic care and follow-up and is keen to get periodic treatment monthly.',100,0,1,0,0,0,0,0,0.3,0.231191906058127,-0.4673548124834120
38,Berfore,4,clusterFour, 'The table below - (Classification of beneficiaries of <span>health</span> resources) contains his evaluation of every <span>service</span> based on location.',100,0,1,0,0,0,0,0,0.3,0.43978099921428800,0.012455741299231200
58,Berfore,4,clusterFour, 'However when they arrived they began asking about the location of <span>centers</span> offering medical and <span>health</span> <span>services</span>.',100,0,1,0,0,0,0,0,0.3,0.3549990993921100,-0.2020184393948020
61,Berfore,4,clusterFour, 'Some had <span>centers</span> close to their homes but preferred to go with someone to guide them to the location.',100,0,1,0,0,0,0,0,0.3,0.6589385315393080,-0.2512989814658100
70,Berfore,4,clusterFour, 'They stressed that doctors show no interest in the patient's <span>health</span> condition unless the <span>service</span> <span>center</span> is not <span>free</span>.',100,0,1,0,0,0,0,0,0.3,0.11018752496953800,0.0455547561482923
73,Berfore,4,clusterFour, 'The participants stressed that there is no <span>free</span> <span>health</span> <span>service</span> <span>center</span> makes them feel safe.',100,0,1,0,0,0,0,0,0.3,0.35150779576553500,-0.004242168283087730
80,During,4,clusterFour, 'One woman cited a popular proverb which translates to “If it’s <span>free</span> it’s worthless!”',100,0,0,0.3,0,0,0,0,0,0.3906263277816060,0.330521398904578
84,During,4,clusterFour, 'Experience and evaluation of <span>health</span> care delivery locations vary depending on the location. Details will be listed in the table below to avoid repetition.',100,0,0,0.3,0,0,0,0,0,0.6471817015841000,-0.0769252606199009
99,During,4,clusterFour, 'If there is an organization that helps us by providing <span>health</span> care <span>services</span> we ask ourselves: Will there be a queue? Is there a full insurance? Will my journey to the location be a waste of time? Will I be treated badly?',100,0,0,0.3,0,0,0,0,0,0.46254497708389900,-0.09328878657873070
104,During,4,clusterFour, 'After arriving at the <span>center</span> they enter and endure bad reception.',100,0,0,0.3,0,0,0,0,0,0.40038069818582800,-0.6323504894502980
116,During,4,clusterFour, 'One participant reported that she had to take her sick child to a <span>center</span> that provides <span>free</span> <span>services</span>.',100,0,0,0.3,0,0,0,0,0,0.2983623966211680,0.1662558687260390
134,After,4,clusterFour, 'The lack of medications at <span>health</span> care <span>centers</span> forces the users sometimes to personally cover the expenses.',100,0.3,0,0,0,0,0,0,0,0.3146836734016110,-0.3607073334815510
144,After,4,clusterFour, 'Some people have experienced the feeling of comfort and justice while others discovered that going to an organization or <span>center</span> that provide <span>free</span> care is a bad idea so they decided to resort to <span>centers</span> or clinics and defray the <span>services</span> themselves.',100,0.3,0,0,0,0,0,0,0,0.39086832598290200,-0.33969190068608900
149,After,4,clusterFour, 'I cannot describe how frustration they are at government <span>centers</span> and the places where the <span>health</span> <span>services</span> are located because they have suffered a lot and they don’t trust them anymore.',100,0.3,0,0,0,0,0,0,0,0.3951673553775330,0.10297330253960800
150,After,4,clusterFour, 'One of the participants shared a story: She went to a <span>health</span> <span>center</span> that provides <span>free</span> medical <span>services</span> where she was examined but did not get the medication.',100,0.3,0,0,0,0,0,0,0,0.1790001153207840,-0.29227710503668600
173,Outside Analysis,4,clusterFour, 'It may take months to get an appointment at some <span>centers</span>.',100,0,0,0,0,0.3,0,0,0,0.5597641500803390,-0.36432823709730500
217,Outside Analysis,4,clusterFour, 'It was clear that they were fatigued showing clear signs of frustration due to their poor <span>health</span>.',100,0,0,0,0,0.3,0,0,0,0.5420365364742120,0.07428053430743770
225,Personal,4,clusterFour, 'They show clear interest in the <span>health</span> of their children.',100,0,0,0,0,0,0.3,0,0,0.5981976598835290,0.07161533286806930
237,Personal,4,clusterFour, 'They all regret going to organizations and government <span>centers</span> because they do not receive <span>services</span> there.',100,0,0,0,0,0,0.3,0,0,0.2738945035444570,-0.17179560174704100
250,Personal,4,clusterFour, 'After the session I noticed that most people have a very negative impression formed around the treatment provided at the <span>free</span> <span>health</span> service <span>centers</span>.',100,0,0,0,0,0,0.3,0,0,0.12823320907132100,-0.16975015119498700
254,Personal,4,clusterFour, 'They simply do this because they are convinced of the inefficiency of <span>free</span> service <span>centers</span>.',100,0,0,0,0,0,0.3,0,0,0.28281813428649300,-0.1236863351054220
7,Intro,5,clusterFive, 'We receive the services from the <span>Emirati</span> <span>hospital</span> and other places.',100,0,0,0,0.3,0,0,0,0,-0.4112857786034910,0.24208778220919600
9,Intro,5,clusterFive, 'The group agreed that the <span>Emirati</span> <span>Hospital</span> provides good service.',100,0,0,0,0.3,0,0,0,0,-0.46554628020067200,0.2769331458596730
44,Berfore,5,clusterFive, 'Feeling of <span>pain</span> in the lower back. Increasing <span>pain</span> drove her to go to the <span>Emirati</span> <span>Hospital</span> She inquired and through friends and acquaintances was able to A psychological condition that led to.',100,0,1,0,0,0,0,0,0.3,-0.4665405055074010,0.4992402883818090
46,Berfore,5,clusterFive,'After the <span>pain</span> persisted for 3 months she decided to visit the <span>Emirati</span> <span>Hospital</span>.',100,0,1,0,0,0,0,0,0.3,-0.5128143652964850,0.47238041644205300
48,Berfore,5,clusterFive, 'They did an ECHO scan at the <span>Emirati</span> <span>Hospital</span>.',100,0,1,0,0,0,0,0,0.3,-0.6206348045172930,0.33499152584894000
49,Berfore,5,clusterFive, 'He took some <span>pain</span>killers but after the <span>pain</span> increased they were instructed to <span>hospitalize</span>ize him through Jordan Health Aid Society but since they live outside the camp they were not covered.',100,0,1,0,0,0,0,0,0.3,-0.31797133458049500,0.2969882804366710
50,Berfore,5,clusterFive, 'So they were transferred to Mafraq Governmental <span>Hospital</span> which in turn transferred them to Zarqa.',100,0,1,0,0,0,0,0,0.3,-0.5892480916553620,0.4201259124097030
91,During,5,clusterFive, 'Waiting in line at the <span>Emirati</span> <span>Hospital</span> after waking up very early.',100,0,0,0.3,0,0,0,0,0,-0.4419976369563990,0.49511198703385300
92,During,5,clusterFive, 'She was transferred to the governmental then to Zarqa Governmental <span>Hospital</span>.',100,0,0,0.3,0,0,0,0,0,-0.5892480916553620,0.4201259124097030
93,During,5,clusterFive, 'She was admitted to the <span>hospital</span> after <span>long</span> procedures and paperwork then she underwent an appendectomy.',100,0,0,0.3,0,0,0,0,0,-0.5381504478324210,0.5176330029092750
94,During,5,clusterFive, 'Zarqa <span>hospital</span> admitted them after paying a small sum.',100,0,0,0.3,0,0,0,0,0,-0.6143036412956650,0.39847902170744600
133,After,5,clusterFive, 'The length of the procedures in government <span>hospital</span>s was also discussed in addition to fatigue and the burden of transportation.',100,0.3,0,0,0,0,0,0,0,-0.6213662859284380,0.24825786153484600
196,Outside Analysis,5,clusterFive, 'Instead he told her to go to Rahma Hospital.',100,0,0,0,0,0.3,0,0,0,-0.5892480916553620,0.4201259124097030
202,Outside Analysis,5,clusterFive,'They spent about 8 consecutive days in the hospital.',100,0,0,0,0,0.3,0,0,0,-0.5892480916553610,0.42012591240970300
11,Intro,6,clusterSix, 'They felt comfortable after talking about their <span>suffer</span>ing and talking to people who would listen.',100,0,0,0,0.3,0,0,0,0,0.5299757840382230,0.46454634472213400
47,Berfore,6,clusterSix, 'The brother <span>suffer</span>ed from <span>severe</span> <span>pain</span> in his stomach abdomen and digestive system.',100,0,1,0,0,0,0,0,0.3,0.4612831256205070,0.5688262052070610
98,During,6,clusterSix,'The <span>suffer</span>ing and <span>pain</span> lasted for 2 months before they discovered that he is <span>suffer</span>ing from renal failure and requires dialysis.',100,0,0,0.3,0,0,0,0,0,0.4786117117821610,0.565420036357859
101,During,6,clusterSix, 'We as refugees <span>suffer</span> from the effects of nepotism and favoritism.',100,0,0,0.3,0,0,0,0,0,0.5155007964376850,0.5599329934263490
110,During,6,clusterSix, 'They have had <span>suffer</span>ed a lot because of the lack of care displayed at these centers.',100,0,0,0.3,0,0,0,0,0,0.6046976879722190,0.007804911466387600
193,Outside Analysis,6,clusterSix,'Her grandson who is 1.5 years old and Syrian <span>suffer</span>s from a <span>severe</span> and chronic asthma.',100,0,0,0,0,0.3,0,0,0,0.5480315743562930,0.5330289501439810
207,Outside Analysis,6,clusterSix, 'Also she <span>suffer</span>s from blood clots under the skin and body in addition to diabetes and hypertension.',100,0,0,0,0,0.3,0,0,0,0.515500796437684,0.5599329934263500
214,Outside Analysis,6,clusterSix, 'After they went to receive treatment and were examined some were <span>suffer</span>ing from <span>severe</span> calcareous shortage others had hormonal vaginal infections (which tests were <span>very</span> costly) slip disks back and joint <span>pain</span> etc.',100,0,0,0,0,0.3,0,0,0,-0.2694526983514680,0.09754113880353350
215,Outside Analysis,6,clusterSix, 'One woman in particular was <span>suffer</span>ing from bleeding due to pregnancy and her situation was <span>very</span> serious.',100,0,0,0,0,0.3,0,0,0,0.408505371092756,0.5641879927748560
220,Outside Analysis,6,clusterSix, 'All of the participants wish to deliver their voices to the officials who can help alleviate their <span>suffer</span>ing.',100,0,0,0,0,0.3,0,0,0,0.6061269498384330,0.35991677090585600
241,Personal,6,clusterSix, 'The only thing they can do is pray to God to relieve their <span>suffer</span>ing.',100,0,0,0,0,0,0.3,0,0,0.49414226534139900,0.5090109468511810
249,Personal,6,clusterSix, 'I Hanan Abdel Rahim Al-Zu'bi wish the same because I am one of them and I <span>suffer</span> like them.',100,0,0,0,0,0,0.3,0,0,0.5435133964371340,0.37906797843041600
13,Type of Care,7,clusterSeven, 'They do not follow any self-care system or use alternative medicine before going to the doctor.',100,0,0,0,0,0,0,0.3,0,-0.0639175618383731,0.4695221697553070
16,Type of Care,7,clusterSeven, 'Drink plenty of water to keep your body clean from the inside.',100,0,0,0,0,0,0,0.3,0,-0.7313142999453110,-0.39575008233187300
17,Type of Care,7,clusterSeven, 'Stay away from ready-made food and canned foods.',100,0,0,0,0,0,0,0.3,0,0.02818632970673960,-0.8334571221961530
18,Type of Care,7,clusterSeven, 'Secure adequate and good accommodation with good temperature levels in the summer and winter.',100,0,0,0,0,0,0,0.3,0,-0.5131103485333510,0.6077695977342210
39,Berfore,7,clusterSeven, 'Relying on self-care if one of their children is exposed to certain symptoms and that they do not resort to the doctor immediately (they use herbs pain killers and children's hypothermia drugs are always available at home).',100,0,1,0,0,0,0,0,0.3,0.20930929652265600,0.43683633636953300
45,Berfore,7,clusterSeven, 'With severe abdominal pain she was new in the area and she relied on painkillers/herbs which were very costly.',100,0,1,0,0,0,0,0,0.3,0.11025969471797400,0.4182216158659680
57,Berfore,7,clusterSeven, 'Some of them had a chronic disease before they came to Jordan.',100,0,1,0,0,0,0,0,0.3,-0.7633638452368900,-0.19987942240942800
59,Berfore,7,clusterSeven, 'They asked the neighbors and acquaintances in the area where they live.',100,0,1,0,0,0,0,0,0.3,0.7370628895047090,-0.30054623723774400
62,Berfore,7,clusterSeven, 'The <span>participant</span> <span>mentioned</span> that they drink bottled water look for accommodation in a well-ventilated house to avoid mold <span>pay</span> attention to the quality of the food they consume and refrain from eating canned and ready-made food all in order to maintain their <span>health</span> and the <span>health</span> of their families.',100,0,1,0,0,0,0,0,0.3,0.45015585411931000,0.2046318239056260
63,Berfore,7,clusterSeven, 'They also do this so they don’t need to go to the doctor.',100,0,1,0,0,0,0,0,0.3,-0.1855120699017080,0.32052301739480300
65,Berfore,7,clusterSeven, 'However they have to <span>pay</span> for all that despite the fact that they do not always have the funds to do so.',100,0,1,0,0,0,0,0,0.3,-0.36857069578773400,0.6715935720089700
66,Berfore,7,clusterSeven, 'One <span>participant</span> stated that she walks daily and drinks green tea not for self-care but to calm herself.',100,0,1,0,0,0,0,0,0.3,0.7118609554573870,0.2995844303249240
67,Berfore,7,clusterSeven, 'Another <span>participants</span> <span>mentioned</span> as all other <span>participants</span> in the session agreed with her that she knows the importance of eating fruit especially apples in the morning but they cannot keep on doing this because they cannot purchase apples regularly.',100,0,1,0,0,0,0,0,0.3,0.6674928947870090,0.2676778019555280
68,Berfore,7,clusterSeven, 'One <span>participant</span> confirmed that her family always rely on the use of painkillers in the event of a headache or any other sort of pain and do not go to the doctor unless their <span>health</span> deteriorated.',100,0,1,0,0,0,0,0,0.3,0.28629161334510100,0.3350315947644460
69,Berfore,7,clusterSeven, 'They used to go to the pharmacy and purchase painkillers.',100,0,1,0,0,0,0,0,0.3,0.8189538912733930,0.07802476022192510
72,Berfore,7,clusterSeven, 'The relaxation behavior followed by most of the <span>participants</span> is sitting alone in a dark place and listening to music crying or speaking to a Facebook friend and not a friend in reality.',100,0,1,0,0,0,0,0,0.3,0.7000271369380880,0.27284023682700300
77,Berfore,7,clusterSeven,She was undernourished due to the current conditions.,,0,1,0,0,0,0,0,0.3,-0.7179818746311300,0.28436942475242800
78,Berfore,7,clusterSeven,"During my pregnancy at Zaatari camp, my kidney was exerting pressure on the fetus.",,0,1,0,0,0,0,0,0.3,-0.807118728626188,-0.02562288226629920
81,During,7,clusterSeven, 'Another said: “If you have money then you are a Pasha 'Sir'”.',100,0,0,0.3,0,0,0,0,0,-0.7171768091801740,-0.31654961848117100
87,During,7,clusterSeven,'I woke up at 5:30 am to book to get in line early after some friends recommended I do so.',100,0,0,0.3,0,0,0,0,0,0.3690231228380550,0.605033445664748
97,During,7,clusterSeven, 'He underwent a gastroscopy because of the severe internal bleeding in the stomach.',100,0,0,0.3,0,0,0,0,0,0.6274280555371420,0.41231088686867200
105,During,7,clusterSeven, 'They stand in line to register their names and then go to accounting to <span>pay</span> for the diagnosis.',100,0,0,0.3,0,0,0,0,0,-0.7220084111002280,0.1626135774409880
111,During,7,clusterSeven, 'Officials deal with them as mere papers and IDs',100,0,0,0.3,0,0,0,0,0,-0.12374746948902500,-0.8242920124475420
112,During,7,clusterSeven, 'The <span>participants</span> have also disclosed that they do not have IDs or <span>health</span> insurance.',100,0,0,0.3,0,0,0,0,0,0.6371000988925630,0.17700412773448600
114,During,7,clusterSeven, 'Some of them go to pharmacies to buy medicine.',100,0,0,0.3,0,0,0,0,0,-0.8045922372993510,0.12990168371519000
128,During,7,clusterSeven,The <span>organizations</span> showed indifference - and ineffectiveness.,,0,0,0.3,0,0,0,0,0,0.7608760543247150,-0.15675951750474700
132,After,7,clusterSeven, 'The attempt to obtain <span>health</span> care during the visits was <span>mentioned</span> more than once but the service was not up to par for various reasons such as the fact that some cases are not covered or lack of treatment.',100,0.3,0,0,0,0,0,0,0,0.0785525356010618,-0.3071680125347230
136,After,7,clusterSeven, 'In some cases doctors showed distinctive treatment. Some would follow the patient's condition after some time and ensure his/her safety. When she <span>mentioned</span> this incident I felt that it had touched her and gave her a sense of importance and appreciation.',100,0.3,0,0,0,0,0,0,0,-0.4711795182647780,-0.14588377190419600
139,After,7,clusterSeven, 'He undergoes dialysis twice a week in Amman.',100,0.3,0,0,0,0,0,0,0,-0.8047460662557680,-0.08877339069860310
140,After,7,clusterSeven, 'Expenses are fully covered by Sams because Jordan <span>Health</span> Aid Society does not cover them.',100,0.3,0,0,0,0,0,0,0,0.5541889714389090,-0.2020873146186020
143,After,7,clusterSeven, 'They later discovered that he has low platelets levels and requires blood transfusion.',100,0.3,0,0,0,0,0,0,0,-0.8090717321966780,0.04605393745384080
153,After,7,clusterSeven, 'Now she has to go and buy the very expensive medicine which she cannot afford.',100,0.3,0,0,0,0,0,0,0,-0.7079616751382030,0.04881284200768850
154,After,7,clusterSeven, 'So she returned home in a state of severe depression.',100,0.3,0,0,0,0,0,0,0,0.6210645349289870,0.49575280768576800
159,After,7,clusterSeven,There were many obstacles and a lack of credibility.,,0.3,0,0,0,0,0,0,0,0.12476834436540900,-0.7967775791953660
170,Outside Analysis,7,clusterSeven, 'Describe other experiences that do not fit the frame (before during and after):',100,0,0,0,0,0.3,0,0,0,0.7623553294126600,0.1919435942780340
183,Outside Analysis,7,clusterSeven, 'All the processes she took are correct but she was deluded to think she can get some financial support so all of her observations were about not getting any financial support.',100,0,0,0,0,0.3,0,0,0,0.7468452359224590,0.14024055717332100
185,Outside Analysis,7,clusterSeven, 'She only <span>mentioned</span> and simple mechanisms that other members of the groups already <span>mentioned</span>.',100,0,0,0,0,0.3,0,0,0,-0.6845299424578790,-0.35071753038317700
186,Outside Analysis,7,clusterSeven, 'She had very sad eyes while telling the story.',100,0,0,0,0,0.3,0,0,0,-0.7056767551048800,0.22194278765424400
188,Outside Analysis,7,clusterSeven, 'She believes justice is more important than financial support.',100,0,0,0,0,0.3,0,0,0,-0.2533263129821820,0.7410039061225270
189,Outside Analysis,7,clusterSeven, 'She and her brother requires psychological support.',100,0,0,0,0,0.3,0,0,0,-0.3957135100374520,0.7219724608194480
190,Outside Analysis,7,clusterSeven, 'Yes some cases have no stages (before - after - during) because they are urgent and constitute an emergency (no warning).',100,0,0,0,0,0.3,0,0,0,0.7251055641527440,-0.01596795189761610
200,Outside Analysis,7,clusterSeven,'When they arrived she was asked to <span>pay</span> 50 JDs as insurance.',100,0,0,0,0,0.3,0,0,0,-0.31115400311206000,0.6636572183402460
223,Outside Analysis,7,clusterSeven, 'They also thanked IRC for taking the time to listen to their problems.',100,0,0,0,0,0.3,0,0,0,0.2974925924058170,0.7054160739822270
228,Personal,7,clusterSeven,'Financial support does not cover 70% of full treatment as reported by most <span>health</span> care <span>organizations</span>.',100,0,0,0,0,0,0.3,0,0,0.40584330686563500,-0.2150780569276730
231,Personal,7,clusterSeven, 'All of the interviewees have the same problem but in different ways.',100,0,0,0,0,0,0.3,0,0,0.33378802290234600,0.7129926112801340
236,Personal,7,clusterSeven, 'Some go to <span>organizations</span> and discover that they had the wrong address.',100,0,0,0,0,0,0.3,0,0,0.7608751238328240,-0.1567664334517200
243,Personal,7,clusterSeven, 'When I asked them about the <span>organizations</span> and the difference between IRC and other <span>organizations</span>.',100,0,0,0,0,0,0.3,0,0,0.743672789065578,-0.19200837378038100
246,Personal,7,clusterSeven, 'They also said that the employees are Syrian who only help their relatives.',100,0,0,0,0,0,0.3,0,0,0.25936506537721700,-0.7422370161598220
252,Personal,7,clusterSeven, 'Most refugees resort to good <span>healthy</span> habits that reduce their risk of disease and when they have a simple illness or <span>health</span> condition they resort to painkillers or alternative natural treatments.',100,0,0,0,0,0,0.3,0,0,-0.202584923737657,-0.22973687153939200
255,Personal,7,clusterSeven, 'People were very interested in attending awareness and <span>health</span> education lectures as they consider them to be a source of learning that could help them avoid diseases.',100,0,0,0,0,0,0.3,0,0,0.43376529535336000,-0.4343290923580870
3,Intro,8,clusterEight, 'Lack of credibility in dealing nepotism and favoritism carelessness by employees financial exploitation (<span>transportation</span> / taxi).',100,0,0,0,0.3,0,0,0,0,-0.6885131422344800,-0.16505228558597000
10,Intro,8,clusterEight, 'One of the <span>women</span> is a beneficiary of Amal Association.',100,0,0,0,0.3,0,0,0,0,0.4663359224139470,-0.6537504761273660
29,Berfore,8,clusterEight, 'In the event that a free service is available in another governorate they can handle the burden and <span>transportation</span> costs if the service was good.',100,0,1,0,0,0,0,0,0.3,-0.3094903202172020,-0.16732974203928200
51,Berfore,8,clusterEight," 'When we are in a very critical health situation the first thing we can think of is where to go? Who will help us? Are there organizations close by so we do not have endure troubles in <span>transportation</span>?""",100,0,1,0,0,0,0,0,0.3,0.221156328441014,0.22835879174565800
86,During,8,clusterEight, '<span>Access</span> to the health care centers is challenging if they are remote or in an area not well-served by public <span>transportation</span> as users tend to avoid being exploited by taxi drivers.',100,0,0,0.3,0,0,0,0,0,0.4587492327197010,-0.16800069233405600
142,After,8,clusterEight,'The treatment and the <span>transportation</span> to Amman is causing physical and psychological exhaustion not to mention that the cost of <span>transportation</span> for every dialysis session is 35 JDs.',100,0.3,0,0,0,0,0,0,0,-0.57414179304233,-0.37457044046123600
171,Outside Analysis,8,clusterEight, 'The burdens of <span>transportation</span> was mentioned.',100,0,0,0,0,0.3,0,0,0,-0.7020934983796280,-0.24137698374764400
179,Outside Analysis,8,clusterEight, 'It was mentioned that lack of money is the biggest obstacle to receiving good <span>services</span> in addition to the exploitation and high cost of <span>transportation</span>.',100,0,0,0,0,0.3,0,0,0,-0.5371305807073390,-0.2796782835111730
182,Outside Analysis,8,clusterEight, 'I wish there were healthcare locations in vital areas with easy and <span>access</span>ible <span>transportation</span>s.',100,0,0,0,0,0.3,0,0,0,0.5176532970223170,0.24684085120954100
192,Outside Analysis,8,clusterEight,'A 45 years old Syrian <span>woman</span> told me her experience.',100,0,0,0,0,0.3,0,0,0,-0.051201739531009400,0.6919333879487770
210,Outside Analysis,8,clusterEight,'I had a meeting with 3 young married <span>women</span> the oldest of which is 42 years old.',100,0,0,0,0,0.3,0,0,0,-0.6620329524444880,0.0528718444277673
211,Outside Analysis,8,clusterEight, 'We talked about how to <span>access</span> and obtain health care <span>services</span> and how each of them decided to go to the doctor.',100,0,0,0,0,0.3,0,0,0,0.28536035106754200,-0.0019263300905098500
213,Outside Analysis,8,clusterEight, 'All of the <span>women</span> have had difficulty <span>access</span>ing to health <span>services</span> because of <span>transportation</span> and its cost.',100,0,0,0,0,0.3,0,0,0,0.028215565284509100,-0.03811681948861020
218,Outside Analysis,8,clusterEight, 'One of the <span>women</span> visited the Emirati hospital in Mafraq to receive treatment but regretted her decision because she had difficulty in <span>access</span>ing and obtaining the health <span>services</span> there.',100,0,0,0,0,0.3,0,0,0,-0.14560751453966800,0.05571155879067730
227,Personal,8,clusterEight, 'The need to <span>access</span> basic health <span>services</span> is a major obstacle for our Syrian brothers and sisters.',100,0,0,0,0,0,0.3,0,0,0.23202148417212400,0.03579554498041620
251,Personal,8,clusterEight, 'They believe these <span>services</span> are useless and hard to <span>access</span>.',100,0,0,0,0,0,0.3,0,0,0.42239170066081300,-0.5111673393478110
8,Intro,9,clusterNine, 'They suffer from <span>long</span> <span>waiting</span> <span>times</span> because of the pressure on the Emirati Hospital.',100,0,0,0,0.3,0,0,0,0,-0.24501049461182900,0.5307612247946670
82,During,9,clusterNine, 'Bad diagnoses and mismanagement were reported at health centers as well as over-crowding (too many patients) malpractices <span>long</span> <span>waiting</span> <span>times</span> and having to <span>wait</span> for free service hoping that they would turn out to be good.',100,0,0,0.3,0,0,0,0,0,0.07485706161673380,0.25573862793733500
85,During,9,clusterNine, 'In general the poor <span>waiting</span> experience in some places has been a source of complain especially with the existence of children.',100,0,0,0.3,0,0,0,0,0,0.2382449502716840,0.51761424605368
95,During,9,clusterNine,'Then after 5 hours of <span>waiting</span> for approvals.',100,0,0,0.3,0,0,0,0,0,-0.16133989049261900,0.746094018767123
102,During,9,clusterNine, 'I always stand in line but my children have the experience and intelligence to find what is appropriate for me so I do not <span>wait</span> <span>long</span> <span>Doctor</span>s treat me just fine and the treatment itself is excellent.',100,0,0,0.3,0,0,0,0,0,-0.011196585809074900,0.36021908384539900
106,During,9,clusterNine, 'Afterwards they <span>wait</span> until their turn comes and then <span>wait</span> in hours and after all this trouble they see the <span>doctor</span> who without any examinations talks to them and provides the diagnosis.',100,0,0,0.3,0,0,0,0,0,-0.10256178498385800,0.5142746817900750
145,After,9,clusterNine, 'They think this is much better than standing in a <span>long</span> queue or being told that there are no <span>doctor</span>s.',100,0.3,0,0,0,0,0,0,0,-0.1862753299885630,0.5743899620972540
152,After,9,clusterNine, 'This happened after she <span>wait</span>ed a <span>long</span> time to be seen by the <span>doctor</span> and travelled a <span>long</span> distance in public transportation.',100,0.3,0,0,0,0,0,0,0,-0.1999852855641020,0.5901559577520570
156,After,9,clusterNine,We <span>wait</span>ed a <span>long</span> time for help - eventually we raised the money. ,,0.3,0,0,0,0,0,0,0,-0.15984726384640200,0.6468726640378690
172,Outside Analysis,9,clusterNine, 'Some even said that they move from one place to another to another to reduce the cost of treatment and shorten the <span>waiting</span> time for services in nearby centers.',100,0,0,0,0,0.3,0,0,0,-0.1902385877204950,-0.34884889657773000
219,Outside Analysis,9,clusterNine,'She also had to <span>wait</span> for over 6 hours in a queue.',100,0,0,0,0,0.3,0,0,0,-0.16133989049263900,0.7460940187671170
6,Intro,10,clusterTen, 'We <span>need</span> <span>medical</span> security because we are afraid aid might be cut off just like the <span>case</span> with Jordan Health Aid Society.',100,0,0,0,0.3,0,0,0,0,0.322020988485857,-0.4508671974114990
15,Type of Care,10,clusterTen, 'The types of care were limited to clinics and hospitals self-care and consultations with <span>pharmacists</span>.',100,0,0,0,0,0,0,0.3,0,-0.35370327717760500,0.40922252667985000
31,Berfore,10,clusterTen, 'Not relying on an herbal-based <span>medication</span> system or alternative medicine.',100,0,1,0,0,0,0,0,0.3,0.11116292115428900,-0.7054797838295420
40,Berfore,10,clusterTen, 'At other times they depend on the <span>pharmacist</span>’s diagnosis in order to prescribe <span>medications</span> without a doctor.',100,0,1,0,0,0,0,0,0.3,-0.074311904119717,0.3480586290866360
53,Berfore,10,clusterTen, 'I have children in their thirties who are helping me get <span>medical</span> care book appointments even follow up my treatment but unfortunately they will be leaving the country and I do not know what to do with my health.',100,0,1,0,0,0,0,0,0.3,0.23518509347152900,-0.34051116707378300
74,Berfore,10,clusterTen, 'Instead they prefer to go to a nearby or trusted <span>pharmacist</span>.',100,0,1,0,0,0,0,0,0.3,-0.015227685291463600,0.774952159880939
75,Berfore,10,clusterTen, 'They always help family members and friends in any <span>medical</span> condition by taking them to this trusted <span>pharmacist</span>.',100,0,1,0,0,0,0,0,0.3,0.06556713977758940,0.49203883428682700
100,During,10,clusterTen, 'Some people get full <span>medication</span> attention and get treated well while others do not enjoy this advantage?',100,0,0,0.3,0,0,0,0,0,0.21138863425409900,-0.6416917299560110
108,During,10,clusterTen, 'After that they don’t receive any treatment or the <span>medication</span> is not prescribed to them and even if they were given a prescription the <span>medication</span> is not available in the center and they have to buy it from private pharmacies outside the governmental center.',100,0,0,0.3,0,0,0,0,0,0.07286658866254130,-0.4821476184540540
115,During,10,clusterTen, 'They explain the symptoms to the <span>pharmacist</span> who then prescribes <span>medications</span> based on their description of the symptoms.',100,0,0,0.3,0,0,0,0,0,0.09304961547763330,0.5442562536535190
117,During,10,clusterTen, 'The girl did not get a good treatment examination or <span>medication</span> and thus did not get better.',100,0,0,0.3,0,0,0,0,0,-0.29055187097580100,-0.6807525118410540
118,During,10,clusterTen, 'She took the child to a well-known <span>pharmacist</span> in the area where she lives who diagnosed the condition and gave her a different drug.',100,0,0,0.3,0,0,0,0,0,0.026695905193878200,0.7113387780422400
119,During,10,clusterTen, 'The child’s health improved because of this new drug which deepened the family’s trust in this <span>pharmacist</span>.',100,0,0,0.3,0,0,0,0,0,0.16433476219965100,0.5740445321114310
120,During,10,clusterTen, 'The <span>pharmacist</span> was kind and sympathetic and showed compassion with the child’s condition.',100,0,0,0.3,0,0,0,0,0,0.026695905193878200,0.7113387780422390
135,After,10,clusterTen, 'In some <span>cases</span> lack of free <span>medication</span> was a major problem which sometimes forced users to overlook the disease and not take any <span>medications</span>.',100,0.3,0,0,0,0,0,0,0,0.15708071397261000,-0.6146888039624130
151,After,10,clusterTen, 'Instead the doctor wrote her a prescription to buy the <span>medications</span> herself from outside the center.',100,0.3,0,0,0,0,0,0,0,0.14291849654612500,-0.43835900225607100
164,After,10,clusterTen,The <span>case</span> was treated by a <span>medical</span> prescription and high costs that we had to defray.,,0.3,0,0,0,0,0,0,0,0.05480474018510720,-0.6439208165642160
167,After,10,clusterTen,Then we returned to remove the stitches + buy <span>medications</span> at our own expense - difficulty in transportation.,,0.3,0,0,0,0,0,0,0,-0.5603631319450490,-0.430756508901068
206,Outside Analysis,10,clusterTen, 'There are five <span>case</span>s in the house that requires <span>medical</span> attention.',100,0,0,0,0,0.3,0,0,0,0.17599750006534300,-0.7039996271019750
208,Outside Analysis,10,clusterTen, 'She said she does not want anything no money or anything besides a safe place that meets her <span>medical</span> <span>need</span>s.',100,0,0,0,0,0.3,0,0,0,0.008167166949525530,-0.7251244532883840
230,Personal,10,clusterTen, 'Organizations <span>need</span> to work together closely because I believe the main reason Syrians left their country was not bullets or bombs like most other people but the fear that they could not receive the periodic <span>medical</span> treatment they <span>need</span> to survive.’,100,0,0,0,0,0,0.3,0,0,0.04429501225865430,-0.5423688206395620
240,Personal,10,clusterTen, 'They are people like us and one of the simplest rights they deserve is <span>medical</span> treatment for them and their children.',100,0,0,0,0,0,0.3,0,0,0.011444709869124700,-0.6165032423366890